Region Name,Village Name,Tax Units (Households),Total Comprehensive Income,Mean Income,Median Income,1st Quartile Income,3rd Quartile Income,Standard Deviation,Coefficient of Variation
新北市新莊區,海山里,1729,1318321,762,455,222,921,908.21,119.11
新北市新莊區,全安里,1365,1175678,861,502,249,1016,1229.10,142.70
新北市新莊區,文衡里,714,642533,900,539,258,1138,1062.47,118.06
新北市新莊區,興漢里,1049,819490,781,502,235,953,1012.90,129.66
新北市新莊區,榮和里,1145,1126787,984,546,253,1145,1405.09,142.78
新北市新莊區,文德里,580,496420,856,528,245,1108,1102.05,128.76
新北市新莊區,文明里,542,470478,868,475,225,985,1479.43,170.43
新北市新莊區,中港里,1975,1528084,774,511,251,955,899.64,116.28
新北市新莊區,頭前里,4161,5773120,1387,795,340,1728,1790.75,129.07
新北市新莊區,丹鳳里,2794,2041050,731,489,242,908,841.22,115.15
新北市新莊區,西盛里,4632,3678817,794,522,257,1020,940.98,118.48
新北市新莊區,瓊林里,1414,1005584,711,445,224,815,1302.12,183.10
新北市新莊區,營盤里,607,394708,650,439,215,842,701.20,107.83
新北市新莊區,後港里,2403,1581819,658,440,222,818,773.66,117.53
新北市新莊區,國泰里,441,297285,674,443,211,810,826.50,122.60
新北市新莊區,立人里,694,734193,1058,588,253,1279,1518.87,143.57
新北市新莊區,恆安里,1363,1113678,817,513,243,1039,1064.99,130.34
新北市新莊區,思源里,1674,1191694,712,469,222,907,788.44,110.75
新北市新莊區,化成里,1397,1346785,964,505,232,1160,1340.08,139.01
新北市新莊區,福基里,2134,2637430,1236,726,327,1555,1582.75,128.06
新北市新莊區,思賢里,1328,1021870,769,482,242,917,921.98,119.82
新北市新莊區,中美里,1882,1478056,785,497,236,974,954.85,121.58
新北市新莊區,中和里,1410,1072508,761,436,216,870,1180.72,155.23
新北市新莊區,中泰里,1259,773449,614,424,207,776,649.54,105.73
新北市新莊區,立言里,1618,1179199,729,461,229,881,872.03,119.65
新北市新莊區,立功里,1022,613668,600,390,207,754,718.17,119.60
新北市新莊區,立德里,825,690314,837,522,245,1091,1014.53,121.25
新北市新莊區,豐年里,1105,675475,611,392,204,769,708.61,115.92
新北市新莊區,忠孝里,1808,1574700,871,537,259,1066,1063.62,122.12
新北市新莊區,立志里,1140,746032,654,449,225,852,734.07,112.17
新北市新莊區,中誠里,623,433233,695,435,218,782,957.64,137.71
新北市新莊區,自立里,1523,1056123,693,448,236,830,875.96,126.32
新北市新莊區,自強里,651,332726,511,353,181,630,572.08,111.93
新北市新莊區,幸福里,1214,736719,607,402,207,742,758.36,124.97
新北市新莊區,仁愛里,729,448511,615,405,211,738,766.99,124.66
新北市新莊區,信義里,1593,1089059,684,427,216,857,815.03,119.22
新北市新莊區,龍鳳里,3677,3414306,929,605,282,1213,1179.13,126.99
新北市新莊區,民安里,1859,1291428,695,451,229,842,823.19,118.50
新北市新莊區,光華里,2144,1413323,659,441,224,821,853.82,129.52
新北市新莊區,富國里,659,398740,605,430,226,741,669.96,110.73
新北市新莊區,裕民里,1898,1306449,688,422,222,793,1057.98,153.70
新北市新莊區,南港里,1662,1065859,641,442,224,781,703.62,109.72
新北市新莊區,萬安里,1134,680804,600,408,226,774,617.46,102.85
新北市新莊區,八德里,897,533703,595,400,210,719,672.25,112.99
新北市新莊區,民本里,811,436893,539,395,198,679,569.13,105.65
新北市新莊區,光榮里,1292,845829,655,446,232,814,738.59,112.82
新北市新莊區,光明里,1451,971611,670,441,240,846,750.67,112.10
新北市新莊區,合鳳里,1277,718847,563,375,192,709,612.11,108.74
新北市新莊區,雙鳳里,4009,3782962,944,599,281,1196,1210.22,128.25
新北市新莊區,和平里,1512,989750,655,439,229,816,734.55,112.21
新北市新莊區,自信里,742,558304,752,432,228,946,1148.54,152.64
新北市新莊區,全泰里,1604,1374001,857,531,257,1114,979.68,114.37
新北市新莊區,立泰里,1657,1402934,847,491,236,1034,1513.90,178.81
新北市新莊區,立基里,2093,1867092,892,528,247,1111,1226.75,137.52
新北市新莊區,中宏里,1196,873472,730,477,248,923,812.39,111.24
新北市新莊區,中全里,982,600652,612,426,225,774,834.56,136.44
新北市新莊區,中華里,945,843996,893,568,268,1137,1019.04,114.10
新北市新莊區,中隆里,1847,1832888,992,585,273,1239,1215.55,122.49
新北市新莊區,中原里,5072,5630021,1110,629,280,1331,1587.02,142.97
新北市新莊區,中信里,2703,2144594,793,492,249,980,975.40,122.94
新北市新莊區,仁義里,1039,651842,627,390,203,769,764.11,121.79
新北市新莊區,建福里,824,487384,591,434,213,745,660.22,111.62
新北市新莊區,四維里,1264,696423,551,388,197,690,583.90,105.98
新北市新莊區,文聖里,1150,1027141,893,580,286,1098,1029.97,115.32
新北市新莊區,福營里,844,644697,764,464,235,822,1069.02,139.95
新北市新莊區,後德里,1055,831137,788,513,238,973,951.68,120.80
新北市新莊區,建安里,2250,1618498,719,470,229,890,824.47,114.62
新北市新莊區,龍安里,666,388739,584,393,210,706,707.39,121.19
新北市新莊區,昌平里,3538,4359145,1232,736,329,1599,1575.73,127.89
新北市新莊區,昌明里,1132,805849,712,440,220,890,824.19,115.78
新北市新莊區,成德里,1475,931239,631,426,219,806,727.40,115.21
新北市新莊區,福興里,2049,1491304,728,467,228,847,905.48,124.41
新北市新莊區,昌信里,1286,1143213,889,540,259,1124,1052.35,118.38
新北市新莊區,昌隆里,1543,1301473,843,519,252,1044,1101.97,130.65
新北市新莊區,中平里,3283,3118243,950,599,284,1237,1112.09,117.09
新北市新莊區,立廷里,4334,4783557,1104,698,328,1437,1338.53,121.27
新北市新莊區,泰豐里,781,560226,717,461,233,921,795.02,110.83
新北市新莊區,富民里,1252,758348,606,424,228,758,624.43,103.09
新北市新莊區,龍福里,718,453909,632,449,212,843,641.39,101.46
新北市新莊區,祥鳳里,748,483626,647,442,226,800,715.77,110.71
新北市新莊區,民全里,1222,803767,658,442,225,845,729.71,110.94
新北市新莊區,民有里,1287,860189,668,446,227,842,770.77,115.32
新北市新莊區,光正里,1337,917706,686,434,215,814,855.73,124.67
新北市新莊區,光和里,806,447040,555,406,198,707,594.28,107.15
新北市新莊區,其他,2,669,335,335,276,394,166.59,49.79
新北市新莊區,合計,131551,107839416,820,496,243,996,1090.01,132.97
新北市林口區,東林里,1167,811338,695,428,235,745,1166.89,167.84
新北市林口區,林口里,1701,1222214,719,443,212,841,1003.22,139.62
新北市林口區,西林里,3766,4009785,1065,582,276,1243,1621.94,152.33
新北市林口區,湖北里,425,312502,735,427,217,860,941.96,128.11
新北市林口區,菁湖里,1420,1499571,1056,581,269,1253,1520.49,143.98
新北市林口區,湖南里,9584,12807512,1336,807,350,1695,1775.50,132.86
新北市林口區,南勢里,10725,16525877,1541,960,406,1994,2058.39,133.59
新北市林口區,頂福里,293,192789,658,410,219,768,923.45,140.35
新北市林口區,下福里,400,261673,654,421,206,788,977.35,149.40
新北市林口區,嘉寶里,258,158538,614,384,186,753,824.10,134.11
新北市林口區,瑞平里,225,133970,595,427,222,685,739.34,124.17
新北市林口區,太平里,469,303931,648,419,238,755,782.92,120.81
新北市林口區,中湖里,1755,1590209,906,576,298,1134,1079.09,119.09
新北市林口區,東勢里,2403,2112377,879,523,242,1047,1257.03,143.00
新北市林口區,仁愛里,2494,3045936,1221,682,296,1533,1639.98,134.28
新北市林口區,麗林里,3099,3487198,1125,642,291,1406,1457.64,129.54
新北市林口區,麗園里,1364,1306487,958,479,230,963,2660.71,277.78
新北市林口區,其他,1,99,99,99,99,99,0.00,0.00
新北市林口區,合計,41549,49782005,1198,675,303,1478,1740.19,145.24
新北市五股區,興珍里,1518,1070194,705,412,199,801,1188.00,168.51
新北市五股區,更寮里,308,197870,642,418,193,743,862.99,134.33
新北市五股區,集福里,1105,655871,594,438,214,761,596.19,100.45
新北市五股區,觀音里,298,176678,593,400,195,723,700.90,118.22
新北市五股區,成州里,1692,1072601,634,412,207,767,824.08,130.00
新北市五股區,五股里,1172,765585,653,409,202,744,926.58,141.85
新北市五股區,五龍里,356,207319,582,406,200,736,736.03,126.39
新北市五股區,德音里,1825,1505283,825,466,228,902,1643.82,199.30
新北市五股區,貿商里,894,625720,700,446,206,849,845.31,120.77
新北市五股區,陸一里,717,490897,685,428,215,849,821.72,120.02
新北市五股區,成功里,2821,1923526,682,489,247,879,807.56,118.43
新北市五股區,五福里,1032,582615,565,382,201,676,697.30,123.51
新北市五股區,成德里,920,605878,659,457,231,851,693.49,105.30
新北市五股區,德泰里,1406,948287,674,425,208,808,1137.43,168.64
新北市五股區,六福里,1194,710032,595,397,201,742,659.34,110.87
新北市五股區,集賢里,1291,705771,547,404,202,707,541.30,99.02
新北市五股區,民義里,1117,733378,657,425,214,819,815.50,124.21
新北市五股區,成泰里,4125,3363472,815,547,260,1052,922.87,113.18
新北市五股區,水碓里,2613,1786438,684,440,220,819,821.70,120.19
新北市五股區,福德里,1069,716572,670,444,239,880,747.08,111.45
新北市五股區,其他,3,1761,587,545,503,650,150.97,25.72
新北市五股區,合計,27476,18845748,686,445,221,843,926.70,135.11
新北市蘆洲區,樓厝里,2170,1707394,787,501,260,970,959.31,121.92
新北市蘆洲區,保和里,797,591745,742,485,229,953,854.41,115.08
新北市蘆洲區,得勝里,954,622123,652,430,219,772,853.78,130.92
新北市蘆洲區,仁復里,577,449042,778,461,209,903,1208.80,155.33
新北市蘆洲區,溪墘里,896,633899,707,463,245,853,828.28,117.07
新北市蘆洲區,中路里,1264,834817,660,435,217,832,836.33,126.63
新北市蘆洲區,正義里,4934,5801066,1176,725,320,1484,1609.59,136.90
新北市蘆洲區,水湳里,3476,2740503,788,474,238,991,1017.83,129.10
新北市蘆洲區,保佑里,1082,722329,668,418,198,852,827.58,123.97
新北市蘆洲區,樹德里,955,619831,649,421,200,811,826.19,127.29
新北市蘆洲區,中原里,1850,1541291,833,488,235,998,1116.72,134.04
新北市蘆洲區,恆德里,1900,1530469,806,466,234,949,1107.49,137.49
新北市蘆洲區,光華里,1617,1179742,730,450,225,910,881.67,120.84
新北市蘆洲區,鷺江里,1674,1368479,817,490,247,945,1308.82,160.10
新北市蘆洲區,南港里,1762,1154100,655,433,219,808,744.48,113.66
新北市蘆洲區,永樂里,1934,1350219,698,442,224,833,832.08,119.18
新北市蘆洲區,永康里,2029,1357894,669,442,215,872,723.88,108.16
新北市蘆洲區,信義里,1086,737865,679,449,236,856,761.52,112.08
新北市蘆洲區,玉清里,1878,1530152,815,499,240,1005,1085.28,133.20
新北市蘆洲區,復興里,1009,615946,610,406,216,747,682.66,111.83
新北市蘆洲區,水河里,2867,1853275,646,426,213,830,744.25,115.13
新北市蘆洲區,仁愛里,1692,1187088,702,446,222,839,863.57,123.09
新北市蘆洲區,忠義里,983,668657,680,427,214,790,886.30,130.30
新北市蘆洲區,九芎里,1645,1024307,623,426,213,765,764.76,122.82
新北市蘆洲區,中華里,924,667258,722,436,218,862,1009.13,139.74
新北市蘆洲區,得仁里,927,598911,646,435,226,766,744.19,115.19
新北市蘆洲區,仁德里,1627,1154889,710,433,223,863,893.88,125.93
新北市蘆洲區,仁義里,1344,1173459,873,492,226,1006,1157.03,132.52
新北市蘆洲區,光明里,1392,993166,713,472,229,890,806.95,113.10
新北市蘆洲區,保新里,1267,1040917,822,475,222,968,1059.22,128.93
新北市蘆洲區,長安里,1455,857374,589,399,208,720,631.28,107.13
新北市蘆洲區,民和里,748,457153,611,429,212,768,645.82,105.67
新北市蘆洲區,忠孝里,751,465519,620,455,226,777,674.81,108.86
新北市蘆洲區,福安里,1017,703142,691,416,202,875,938.99,135.81
新北市蘆洲區,永安里,1538,1021014,664,442,234,820,752.65,113.37
新北市蘆洲區,延平里,1250,828724,663,433,212,809,1001.03,150.99
新北市蘆洲區,成功里,2301,1489799,647,441,221,823,708.89,109.49
新北市蘆洲區,永德里,1400,875692,625,446,225,776,752.30,120.27
新北市蘆洲區,其他,93,43307,466,343,239,596,369.18,79.28
新北市蘆洲區,合計,59065,44192556,748,464,229,913,989.07,132.19
新北市三重區,二重里,484,291534,602,431,236,748,598.63,99.38
新北市三重區,五谷里,705,536334,761,490,231,943,967.33,127.15
新北市三重區,德厚里,184,175855,956,638,289,1283,972.17,101.72
新北市三重區,福祉里,2039,1874704,919,573,264,1171,1124.51,122.31
新北市三重區,過田里,2133,1747166,819,475,237,982,1203.48,146.92
新北市三重區,溪美里,2722,2121766,779,487,246,985,892.46,114.49
新北市三重區,厚德里,1066,848336,796,482,244,1026,912.90,114.71
新北市三重區,慈化里,680,450185,662,427,224,822,742.67,112.18
新北市三重區,永安里,1164,827685,711,452,222,855,826.04,116.17
新北市三重區,六合里,1108,711326,642,438,216,833,695.11,108.27
新北市三重區,福利里,834,732150,878,538,282,1107,1004.44,114.42
新北市三重區,永興里,527,441379,838,531,257,1038,986.26,117.76
新北市三重區,清和里,1435,1342226,935,560,273,1152,1179.32,126.08
新北市三重區,仁德里,544,335222,616,405,188,773,680.33,110.40
新北市三重區,開元里,587,534660,911,559,249,1076,1159.56,127.31
新北市三重區,大德里,253,156890,620,411,219,762,707.67,114.12
新北市三重區,錦通里,378,218461,578,385,188,701,730.88,126.46
新北市三重區,光華里,834,668019,801,508,242,1038,939.16,117.25
新北市三重區,光榮里,477,379990,797,481,237,951,1033.13,129.69
新北市三重區,大園里,817,731852,896,465,229,1007,1655.80,184.84
新北市三重區,長生里,255,193631,759,439,197,1024,889.15,117.10
新北市三重區,長安里,592,388891,657,401,201,830,764.68,116.41
新北市三重區,同安里,376,210578,560,398,207,705,615.21,109.85
新北市三重區,光明里,2471,2222950,900,525,241,1060,1266.66,140.80
新北市三重區,菜寮里,645,443278,687,492,210,865,747.54,108.77
新北市三重區,大同里,659,479115,727,490,207,926,834.18,114.74
新北市三重區,長泰里,615,384744,626,427,203,759,755.85,120.82
新北市三重區,長元里,684,429856,628,424,200,777,710.27,113.02
新北市三重區,介壽里,344,259644,755,411,205,717,1277.56,169.26
新北市三重區,三安里,782,512367,655,445,198,804,760.72,116.10
新北市三重區,文化里,673,455243,676,424,212,819,933.30,137.97
新北市三重區,正義里,577,446283,773,440,211,975,1148.92,148.54
新北市三重區,中正里,405,275498,680,449,223,842,805.43,118.40
新北市三重區,仁義里,438,347509,793,425,230,899,1087.00,137.01
新北市三重區,長江里,617,487179,790,452,232,972,1138.12,144.14
新北市三重區,錦江里,606,344433,568,395,219,692,758.59,133.47
新北市三重區,龍門里,517,377909,731,442,228,902,883.61,120.88
新北市三重區,大安里,454,267899,590,388,199,770,617.29,104.61
新北市三重區,光正里,988,1161460,1176,708,295,1428,2364.59,201.15
新北市三重區,重新里,485,353268,728,469,246,883,837.74,115.01
新北市三重區,民生里,1242,782969,630,409,209,757,734.09,116.45
新北市三重區,中山里,922,823486,893,508,231,1059,1316.69,147.42
新北市三重區,國隆里,831,587925,707,453,218,859,798.60,112.88
新北市三重區,重陽里,1020,664964,652,437,220,780,771.71,118.37
新北市三重區,幸福里,1386,907978,655,401,204,794,818.81,124.99
新北市三重區,福安里,912,646974,709,470,225,887,867.16,122.24
新北市三重區,信安里,664,518531,781,487,204,1008,966.86,123.81
新北市三重區,安慶里,612,342955,560,374,197,693,718.32,128.18
新北市三重區,順德里,589,360585,612,422,191,750,749.98,122.51
新北市三重區,承德里,453,317449,701,469,215,866,745.65,106.40
新北市三重區,瑞德里,644,381294,592,391,199,754,642.41,108.50
新北市三重區,崇德里,1043,654107,627,416,194,786,743.38,118.53
新北市三重區,尚德里,838,545470,651,436,219,811,729.62,112.09
新北市三重區,培德里,1152,900800,782,493,256,951,1131.59,144.72
新北市三重區,自強里,526,317343,603,396,187,836,706.22,117.06
新北市三重區,大有里,1747,1185457,679,461,233,830,920.16,135.60
新北市三重區,頂崁里,957,835451,873,494,241,1040,1102.48,126.29
新北市三重區,谷王里,580,547081,943,647,333,1253,942.69,99.94
新北市三重區,中興里,1444,1157847,802,482,220,916,1076.09,134.20
新北市三重區,成功里,2662,2626608,987,660,300,1294,1093.24,110.80
新北市三重區,重明里,1252,1436289,1147,628,296,1402,1685.16,146.89
新北市三重區,光田里,1471,1271206,864,499,249,965,1613.40,186.70
新北市三重區,田心里,1204,762575,633,417,209,790,709.88,112.08
新北市三重區,福隆里,1406,1130780,804,492,232,1011,954.98,118.74
新北市三重區,五常里,1841,1450669,788,531,259,1026,879.68,111.64
新北市三重區,慈生里,586,358401,612,408,202,733,836.43,136.76
新北市三重區,碧華里,3206,3783696,1180,693,299,1495,1520.07,128.80
新北市三重區,永德里,1302,829379,637,412,218,823,727.94,114.28
新北市三重區,永福里,1525,995916,653,420,210,791,750.75,114.96
新北市三重區,福星里,419,331917,792,499,237,964,900.82,113.72
新北市三重區,錦安里,519,339799,655,431,233,810,749.95,114.55
新北市三重區,光輝里,449,328587,732,412,224,910,1219.27,166.61
新北市三重區,同慶里,554,407999,736,473,223,898,925.93,125.73
新北市三重區,永春里,560,379070,677,421,219,789,905.57,133.78
新北市三重區,中民里,343,205245,598,378,205,726,738.71,123.45
新北市三重區,長福里,486,340020,700,469,237,891,723.91,103.47
新北市三重區,奕壽里,532,417810,785,478,248,934,1032.41,131.46
新北市三重區,萬壽里,596,434797,730,462,251,908,773.88,106.08
新北市三重區,中央里,502,357012,711,465,249,876,808.12,113.63
新北市三重區,雙園里,291,180067,619,405,225,706,702.52,113.53
新北市三重區,正安里,583,396909,681,417,208,795,867.62,127.44
新北市三重區,吉利里,411,268758,654,428,223,809,827.76,126.59
新北市三重區,忠孝里,513,356381,695,450,213,798,989.06,142.37
新北市三重區,秀江里,355,245014,690,444,188,873,808.61,117.16
新北市三重區,龍濱里,951,668721,703,439,210,815,874.15,124.31
新北市三重區,平和里,445,252139,567,370,200,687,663.60,117.12
新北市三重區,正德里,294,190596,648,412,201,843,757.00,116.77
新北市三重區,五福里,1208,1109204,918,529,248,1119,1263.87,137.64
新北市三重區,富華里,1027,815240,794,510,242,1022,933.08,117.55
新北市三重區,田安里,1900,1428003,752,476,218,903,998.12,132.80
新北市三重區,慈惠里,641,449282,701,442,232,867,801.85,114.40
新北市三重區,慈福里,603,355247,589,396,200,784,627.74,106.55
新北市三重區,永盛里,831,563483,678,431,237,784,824.88,121.65
新北市三重區,福民里,1032,682464,661,442,213,839,746.32,112.86
新北市三重區,田中里,1891,1409853,746,485,243,976,820.93,110.11
新北市三重區,永清里,1553,1053798,679,445,209,801,939.69,138.48
新北市三重區,維德里,819,543640,664,439,225,835,753.28,113.48
新北市三重區,五華里,1654,1636077,989,518,256,1181,1389.91,140.51
新北市三重區,永煇里,675,449398,666,432,224,762,965.43,145.01
新北市三重區,三民里,1057,865699,819,522,239,1048,1017.04,124.18
新北市三重區,錦田里,676,578747,856,466,225,1039,1424.79,166.42
新北市三重區,慈祐里,1429,1042001,729,463,216,898,843.92,115.73
新北市三重區,六福里,1634,1151033,704,461,224,876,1050.43,149.12
新北市三重區,光陽里,2173,1883858,867,516,257,1036,1279.09,147.54
新北市三重區,福田里,1067,707719,663,418,228,831,826.03,124.54
新北市三重區,富福里,587,359859,613,417,202,721,721.56,117.70
新北市三重區,仁忠里,807,489050,606,422,204,784,710.71,117.28
新北市三重區,富貴里,2350,3067458,1305,671,302,1550,1886.81,144.55
新北市三重區,慈愛里,942,558907,593,408,203,744,662.32,111.63
新北市三重區,福德里,1360,1105255,813,474,217,933,1176.74,144.80
新北市三重區,永豐里,1632,1033375,633,421,211,794,695.44,109.83
新北市三重區,博愛里,1403,910070,649,423,217,804,741.79,114.36
新北市三重區,永吉里,852,585971,688,457,229,832,781.37,113.61
新北市三重區,永順里,1455,873378,600,392,201,718,721.19,120.15
新北市三重區,永發里,1967,1549280,788,479,246,980,952.89,120.98
新北市三重區,立德里,1025,693561,677,410,195,838,863.26,127.58
新北市三重區,福樂里,1043,731955,702,438,220,828,1448.95,206.47
新北市三重區,仁華里,1319,1021081,774,491,241,1002,891.67,115.18
新北市三重區,五順里,1107,662201,598,413,211,756,618.71,103.43
新北市三重區,其他,11,6528,593,406,329,916,377.52,63.62
新北市三重區,合計,114704,88765175,774,471,230,939,1052.34,135.99
新北市泰山區,黎明里,1061,689581,650,430,219,843,726.31,111.75
新北市泰山區,大科里,257,188461,733,493,238,989,744.02,101.46
新北市泰山區,山腳里,2087,1461571,700,444,221,865,879.06,125.52
新北市泰山區,楓樹里,1327,1034230,779,487,223,957,957.73,122.88
新北市泰山區,同榮里,1284,878189,684,451,232,922,734.80,107.44
新北市泰山區,義學里,1466,1021461,697,488,228,891,756.30,108.54
新北市泰山區,明志里,1200,877420,731,452,234,837,1104.58,151.07
新北市泰山區,貴子里,1336,1050569,786,508,226,1029,1110.48,141.22
新北市泰山區,貴和里,1689,1193115,706,452,216,900,819.66,116.03
新北市泰山區,福泰里,749,457554,611,408,208,748,658.16,107.74
新北市泰山區,同興里,1182,1014697,858,539,262,1144,965.07,112.42
新北市泰山區,義仁里,2858,2537298,888,567,272,1140,994.37,112.00
新北市泰山區,泰友里,573,378495,661,455,216,836,751.41,113.75
新北市泰山區,新明里,958,595490,622,408,223,775,655.84,105.51
新北市泰山區,貴賢里,1269,1036869,817,492,252,989,1254.45,153.53
新北市泰山區,福興里,1174,1030689,878,544,266,1111,1072.38,122.15
新北市泰山區,全興里,3119,3250456,1042,690,305,1373,1257.17,120.63
新北市泰山區,其他,0,0,0,0,0,0,0.00,0.00
新北市泰山區,合計,23589,18696146,793,499,241,1004,986.22,124.43
新北市新店區,張北里,3227,4013529,1244,652,297,1475,1842.83,148.17
新北市新店區,張南里,886,1122733,1267,665,286,1505,2046.97,161.54
新北市新店區,廣明里,293,248795,849,554,259,1172,896.55,105.59
新北市新店區,江陵里,2076,2689975,1296,652,297,1500,2622.37,202.38
新北市新店區,百忍里,1214,1104675,910,539,286,1098,1774.56,195.02
新北市新店區,青潭里,1767,1306065,739,492,225,966,793.32,107.33
新北市新店區,員潭里,1662,1159645,698,481,236,893,750.78,107.60
新北市新店區,雙坑里,162,85617,529,366,210,606,548.03,103.70
新北市新店區,粗坑里,930,830397,893,536,227,1091,1179.58,132.11
新北市新店區,屈尺里,673,398438,592,415,178,740,639.94,108.09
新北市新店區,廣興里,317,200300,632,379,202,756,794.67,125.77
新北市新店區,龜山里,426,262527,616,425,206,761,792.29,128.56
新北市新店區,直潭里,368,366472,996,466,254,1014,2352.14,236.19
新北市新店區,塗潭里,209,126461,605,405,181,695,744.45,123.03
新北市新店區,公崙里,4710,4522714,960,574,268,1206,1225.87,127.66
新北市新店區,柴埕里,3038,2411361,794,502,237,1023,950.83,119.79
新北市新店區,雙城里,1583,1003920,634,435,216,813,680.15,107.25
新北市新店區,頂城里,369,237634,644,417,226,780,696.53,108.16
新北市新店區,下城里,1082,2758313,2549,734,310,1958,15288.49,599.72
新北市新店區,文中里,645,670430,1039,590,265,1275,1384.93,133.24
新北市新店區,國校里,824,762886,926,549,256,1123,1241.27,134.07
新北市新店區,新生里,2024,2268856,1121,581,270,1277,1921.51,171.41
新北市新店區,中興里,2066,2307674,1117,584,247,1273,3869.49,346.43
新北市新店區,新安里,1479,1549813,1048,591,268,1259,2226.62,212.49
新北市新店區,文明里,813,795819,979,538,229,1122,1639.01,167.44
新北市新店區,寶興里,2114,3436202,1625,700,295,1604,5778.48,355.50
新北市新店區,寶安里,1957,1926569,984,588,264,1227,1194.52,121.34
新北市新店區,信義里,2360,2939500,1246,583,271,1329,5249.35,421.45
新北市新店區,忠孝里,917,835542,911,525,254,957,2083.65,228.68
新北市新店區,大鵬里,977,1016307,1040,583,289,1192,2048.96,196.97
新北市新店區,大豐里,1272,1158823,911,559,253,1215,1122.42,123.20
新北市新店區,明德里,1426,1477545,1036,575,260,1200,2176.92,210.10
新北市新店區,中山里,2454,4132575,1684,934,388,2076,2628.87,156.11
新北市新店區,和平里,438,224610,513,348,183,665,596.37,116.30
新北市新店區,仁愛里,741,654112,883,536,235,1118,1123.76,127.30
新北市新店區,中正里,1992,1962188,985,579,267,1178,1388.86,141.00
新北市新店區,美潭里,1669,1383595,829,476,231,966,1321.67,159.43
新北市新店區,德安里,1793,1164158,649,443,223,818,791.10,121.84
新北市新店區,太平里,1032,871721,845,491,239,1034,1073.14,127.05
新北市新店區,中央里,2228,3342653,1500,821,337,1839,2177.09,145.11
新北市新店區,百和里,1076,972260,904,527,235,1118,1178.51,130.43
新北市新店區,福德里,1263,1104703,875,501,246,1014,1414.10,161.67
新北市新店區,福民里,1482,1499332,1012,584,267,1192,2268.65,224.24
新北市新店區,百福里,1359,1611592,1186,660,297,1371,1762.61,148.63
新北市新店區,國豐里,1060,949725,896,570,256,1131,1102.52,123.05
新北市新店區,新德里,917,832257,908,558,271,1050,1245.75,137.26
新北市新店區,五峯里,2892,3526696,1219,597,274,1312,2603.12,213.46
新北市新店區,中華里,1569,1929360,1230,597,277,1355,2343.23,190.56
新北市新店區,忠誠里,906,874484,965,577,227,1235,1316.36,136.38
新北市新店區,永安里,1573,1049325,667,451,234,818,757.72,113.59
新北市新店區,新店里,573,478314,835,470,202,1029,1064.81,127.56
新北市新店區,大同里,1408,1402723,996,580,260,1195,1715.75,172.22
新北市新店區,玫瑰里,1838,1135492,618,436,227,796,666.02,107.81
新北市新店區,日興里,1549,902863,583,388,199,729,753.52,129.28
新北市新店區,寶福里,2534,3006176,1186,607,270,1356,1873.71,157.94
新北市新店區,安和里,2623,2341953,893,525,237,1093,1279.49,143.30
新北市新店區,明城里,1184,1120161,946,553,245,1127,1358.75,143.62
新北市新店區,吉祥里,1531,1187430,776,490,240,928,1012.49,130.54
新北市新店區,小城里,1215,1152243,948,548,253,1100,2189.69,230.89
新北市新店區,香坡里,3905,3799314,973,544,253,1152,1629.88,167.52
新北市新店區,建國里,986,936662,950,520,238,1084,1857.55,195.54
新北市新店區,復興里,1072,838442,782,466,220,959,991.47,126.76
新北市新店區,美城里,837,527727,630,412,218,739,839.28,133.11
新北市新店區,安昌里,1939,1644823,848,574,251,1087,953.47,112.40
新北市新店區,長春里,955,1793683,1878,706,296,1480,21375.55,1138.09
新北市新店區,新和里,1335,929693,696,455,224,872,793.39,113.93
新北市新店區,永平里,1804,1385631,768,473,237,954,1011.77,131.73
新北市新店區,達觀里,1467,1205137,821,524,236,1048,942.95,114.78
新北市新店區,華城里,1156,2177317,1883,859,347,2166,2973.15,157.85
新北市新店區,其他,28,21018,751,435,208,808,1214.11,161.74
新北市新店區,合計,100249,102067688,1018,547,254,1155,3315.26,325.62
新北市石碇區,石碇里,112,63968,571,415,199,822,522.66,91.51
新北市石碇區,潭邊里,195,123467,633,372,176,728,904.77,142.90
新北市石碇區,烏塗里,123,78757,640,424,210,772,822.73,128.49
新北市石碇區,豐林里,84,46620,555,387,261,621,646.06,116.41
新北市石碇區,隆盛里,168,115351,687,402,230,783,861.08,125.41
新北市石碇區,中民里,187,105621,565,376,236,723,544.21,96.35
新北市石碇區,永定里,135,77178,572,387,175,633,762.24,133.33
新北市石碇區,光明里,51,36895,723,385,246,658,1121.47,155.02
新北市石碇區,彭山里,57,37077,650,385,278,662,1138.01,174.95
新北市石碇區,豐田里,99,69771,705,462,231,784,808.40,114.71
新北市石碇區,格頭里,253,142079,562,362,194,742,598.35,106.55
新北市石碇區,永安里,213,129981,610,348,190,679,915.90,150.09
新北市石碇區,其他,1,229,229,229,229,229,0.00,0.00
新北市石碇區,合計,1678,1026993,612,383,206,728,785.69,128.37
新北市深坑區,深坑里,1071,858171,801,444,224,894,2880.69,359.51
新北市深坑區,萬順里,822,602950,734,463,235,876,903.92,123.23
新北市深坑區,阿柔里,160,117526,735,470,252,831,1626.14,221.38
新北市深坑區,昇高里,612,400907,655,422,228,797,719.61,109.85
新北市深坑區,土庫里,903,617534,684,396,212,757,942.13,137.76
新北市深坑區,埔新里,2039,1599158,784,473,240,963,1342.15,171.13
新北市深坑區,萬福里,831,648267,780,477,239,925,1164.42,149.26
新北市深坑區,賴仲里,746,577237,774,492,245,964,943.65,121.95
新北市深坑區,其他,10,4144,414,466,241,552,197.14,47.57
新北市深坑區,合計,7194,5425893,754,456,232,886,1517.54,201.21
新北市坪林區,坪林里,391,227283,581,391,200,696,709.04,121.98
新北市坪林區,水德里,159,96910,609,482,239,878,570.83,93.66
新北市坪林區,大林里,279,176479,633,418,181,776,789.76,124.86
新北市坪林區,上德里,196,111538,569,377,195,587,824.56,144.90
新北市坪林區,漁光里,158,94206,596,412,212,721,663.64,111.30
新北市坪林區,石𥕢里,95,61905,652,348,204,609,1077.56,165.36
新北市坪林區,粗窟里,193,122812,636,445,215,653,1038.16,163.15
新北市坪林區,其他,0,0,0,0,0,0,0.00,0.00
新北市坪林區,合計,1471,891132,606,405,203,719,799.59,131.99
新北市烏來區,烏來里,651,473747,728,469,228,858,926.87,127.37
新北市烏來區,忠治里,401,235136,586,416,219,765,627.66,107.04
新北市烏來區,孝義里,58,41397,714,605,316,1018,564.74,79.12
新北市烏來區,信賢里,115,74730,650,455,268,872,638.36,98.23
新北市烏來區,福山里,125,69911,559,429,268,679,527.06,94.24
新北市烏來區,其他,1,218,218,218,218,218,0.00,0.00
新北市烏來區,合計,1351,895139,663,455,233,809,780.25,117.76
新北市板橋區,留侯里,459,351454,766,471,231,1006,834.46,108.98
新北市板橋區,流芳里,494,488282,988,552,248,1163,1465.63,148.28
新北市板橋區,赤松里,393,396013,1008,675,299,1392,1041.26,103.33
新北市板橋區,黃石里,384,437986,1141,576,280,1340,1672.19,146.61
新北市板橋區,挹秀里,679,860523,1267,708,307,1491,1655.62,130.64
新北市板橋區,社後里,2000,1615538,808,480,230,977,1168.66,144.68
新北市板橋區,新埔里,673,589632,876,506,248,1080,1159.15,132.30
新北市板橋區,江翠里,1643,1559858,949,549,255,1121,1495.88,157.56
新北市板橋區,松翠里,1053,899978,855,528,263,1049,1010.60,118.24
新北市板橋區,嵐翠里,655,463466,708,466,241,867,978.00,138.22
新北市板橋區,深丘里,3028,4636660,1531,785,337,1751,2731.58,178.39
新北市板橋區,埔墘里,2099,1820090,867,510,246,1045,1590.08,183.37
新北市板橋區,港嘴里,1899,1543158,813,490,243,978,1052.64,129.54
新北市板橋區,湳興里,1582,1278953,808,539,244,1057,919.11,113.69
新北市板橋區,鄉雲里,1318,1237022,939,577,280,1119,1263.81,134.65
新北市板橋區,景星里,1209,1973438,1632,527,262,1097,25818.43,1581.73
新北市板橋區,廣福里,1214,911350,751,477,232,914,935.07,124.56
新北市板橋區,溪洲里,1758,1236750,703,453,231,831,854.30,121.44
新北市板橋區,崑崙里,2988,2230203,746,479,246,951,922.16,123.55
新北市板橋區,浮洲里,999,676820,677,425,224,838,820.38,121.09
新北市板橋區,中正里,2498,2399698,961,650,325,1256,1047.20,109.01
新北市板橋區,中山里,2232,1694286,759,504,253,990,856.03,112.77
新北市板橋區,復興里,198,118856,600,437,226,743,592.55,98.71
新北市板橋區,自強里,1802,1629079,904,588,269,1115,1075.87,119.01
新北市板橋區,國光里,1253,1220775,974,586,267,1249,1184.95,121.62
新北市板橋區,新興里,997,750886,753,494,235,965,877.63,116.53
新北市板橋區,福德里,1577,1407317,892,536,240,1124,1200.01,134.47
新北市板橋區,和平里,1483,1927720,1300,847,346,1692,1768.59,136.06
新北市板橋區,仁愛里,910,628838,691,450,220,877,753.66,109.06
新北市板橋區,福星里,1160,1198415,1033,608,283,1277,1306.95,126.51
新北市板橋區,公舘里,1148,896218,781,489,233,978,969.97,124.25
新北市板橋區,新民里,1314,1248825,950,574,268,1191,1273.05,133.95
新北市板橋區,振興里,1291,924028,716,473,223,884,858.95,120.01
新北市板橋區,光復里,1048,877102,837,522,227,1035,1118.49,133.64
新北市板橋區,香丘里,1123,949832,846,505,252,1101,956.88,113.13
新北市板橋區,雙玉里,1158,991985,857,488,232,1073,1076.81,125.70
新北市板橋區,福壽里,1043,1074962,1031,568,294,1125,1632.95,158.44
新北市板橋區,玉光里,1694,1471477,869,519,261,1067,1074.67,123.72
新北市板橋區,港尾里,1001,901821,901,573,273,1200,1024.99,113.77
新北市板橋區,民權里,857,679736,793,512,250,1015,944.41,119.07
新北市板橋區,建國里,1003,672527,671,443,216,818,735.48,109.69
新北市板橋區,百壽里,845,852768,1009,599,282,1286,1300.11,128.83
新北市板橋區,忠誠里,1360,1399665,1029,630,290,1255,1309.81,127.27
新北市板橋區,幸福里,1173,850261,725,475,201,901,828.08,114.24
新北市板橋區,漢生里,1419,1360227,959,597,274,1208,1168.58,121.91
新北市板橋區,聯翠里,1293,1441049,1115,686,319,1373,1281.66,115.00
新北市板橋區,宏翠里,1886,1731693,918,589,279,1176,1057.16,115.14
新北市板橋區,華翠里,1109,984171,887,555,260,1123,1044.56,117.71
新北市板橋區,福翠里,366,215705,589,448,216,754,560.59,95.12
新北市板橋區,九如里,807,609904,756,450,241,888,950.27,125.74
新北市板橋區,埤墘里,1332,1256152,943,578,280,1165,1132.35,120.07
新北市板橋區,廣新里,902,625432,693,463,229,862,854.34,123.21
新北市板橋區,福丘里,1930,3420242,1772,953,403,2187,2623.23,148.03
新北市板橋區,廣德里,2259,2118102,938,559,264,1135,1354.59,144.47
新北市板橋區,福祿里,1271,1162828,915,560,256,1187,1062.78,116.16
新北市板橋區,華興里,1345,1170917,871,554,267,1069,1047.48,120.32
新北市板橋區,聚安里,1398,980215,701,450,227,795,888.95,126.78
新北市板橋區,龍翠里,1636,1695881,1037,575,281,1192,1501.67,144.86
新北市板橋區,柏翠里,1795,2032663,1132,655,301,1349,2055.62,181.53
新北市板橋區,文翠里,1245,1066819,857,508,259,1000,1207.76,140.95
新北市板橋區,青翠里,814,564745,694,462,240,856,774.63,111.65
新北市板橋區,香社里,1451,1106830,763,523,254,999,821.96,107.75
新北市板橋區,大安里,1056,731869,693,441,216,802,1073.53,154.90
新北市板橋區,東丘里,1288,1137733,883,516,261,1057,1203.64,136.26
新北市板橋區,華德里,2302,2029604,882,549,264,1094,1179.14,133.74
新北市板橋區,國泰里,1116,1039065,931,549,236,1195,1231.05,132.22
新北市板橋區,光華里,900,743487,826,518,244,1011,958.43,116.02
新北市板橋區,自立里,798,551545,691,491,238,909,730.08,105.63
新北市板橋區,重慶里,2756,2079355,754,481,236,981,876.79,116.21
新北市板橋區,港德里,1304,978199,750,481,236,963,821.23,109.48
新北市板橋區,忠翠里,3844,5412417,1408,770,322,1725,1925.60,136.76
新北市板橋區,明翠里,1373,1084242,790,491,227,980,1001.59,126.83
新北市板橋區,滿翠里,799,468232,586,406,213,746,611.62,104.37
新北市板橋區,新翠里,2698,2436751,903,553,260,1140,1112.87,123.22
新北市板橋區,溪頭里,3108,3832693,1233,750,325,1524,1815.93,147.26
新北市板橋區,華江里,2493,3240469,1300,737,338,1589,1825.74,140.46
新北市板橋區,海山里,2434,2647982,1088,624,277,1284,1514.56,139.22
新北市板橋區,大豐里,1378,1053122,764,479,228,939,929.04,121.56
新北市板橋區,吉翠里,1017,675929,665,429,222,803,953.20,143.42
新北市板橋區,民族里,1569,1783997,1137,660,314,1437,1395.90,122.77
新北市板橋區,信義里,1301,1027986,790,475,236,981,985.04,124.66
新北市板橋區,純翠里,1813,1485613,819,537,254,1026,973.55,118.81
新北市板橋區,長壽里,882,733923,832,504,243,992,1472.52,176.96
新北市板橋區,振義里,1182,856532,725,491,250,928,764.85,105.55
新北市板橋區,西安里,831,785350,945,554,267,1140,1361.01,144.01
新北市板橋區,光仁里,838,663575,792,497,248,971,995.48,125.71
新北市板橋區,介壽里,920,811078,882,525,257,1148,992.54,112.58
新北市板橋區,仁翠里,778,480657,618,439,227,778,631.33,102.19
新北市板橋區,永安里,1047,976780,933,544,250,1111,1171.00,125.52
新北市板橋區,懷翠里,1771,1403784,793,462,231,957,1105.53,139.47
新北市板橋區,長安里,1408,1372600,975,573,275,1251,1399.01,143.51
新北市板橋區,德翠里,2306,1940727,842,522,263,1055,1045.22,124.19
新北市板橋區,溪北里,1054,746544,708,465,231,891,812.24,114.67
新北市板橋區,華中里,1395,815349,584,415,214,721,632.81,108.27
新北市板橋區,僑中里,1258,888226,706,441,235,849,853.71,120.91
新北市板橋區,金華里,1136,735662,648,430,232,795,769.60,118.84
新北市板橋區,華貴里,768,516884,673,440,221,893,713.22,105.97
新北市板橋區,華東里,2999,3984088,1328,750,323,1661,1750.61,131.78
新北市板橋區,福安里,2578,2127646,825,570,270,1089,905.45,109.71
新北市板橋區,龍安里,743,439903,592,402,209,745,675.25,114.05
新北市板橋區,香雅里,902,713372,791,531,248,1049,857.27,108.39
新北市板橋區,光榮里,747,543357,727,471,214,1000,785.96,108.05
新北市板橋區,新生里,1267,914626,722,494,249,913,749.75,103.86
新北市板橋區,民安里,640,539942,844,497,246,1027,1138.88,134.99
新北市板橋區,後埔里,1275,1405932,1103,596,262,1262,3128.29,283.70
新北市板橋區,五權里,1159,829031,715,474,253,863,872.43,121.97
新北市板橋區,華福里,598,456245,763,499,245,949,884.66,115.95
新北市板橋區,大觀里,1057,653654,618,407,219,739,806.43,130.40
新北市板橋區,歡園里,313,182799,584,437,231,707,598.07,102.41
新北市板橋區,成和里,2208,1847408,837,574,272,1087,869.53,103.93
新北市板橋區,溪福里,4417,3474075,787,489,244,994,988.14,125.63
新北市板橋區,堂春里,1277,870973,682,459,228,844,732.93,107.46
新北市板橋區,文德里,1064,943631,887,537,248,1117,1081.68,121.97
新北市板橋區,陽明里,853,741820,870,491,229,934,1928.32,221.73
新北市板橋區,文化里,1080,1185101,1097,525,238,1183,1766.58,160.99
新北市板橋區,朝陽里,895,581480,650,447,217,822,663.50,102.12
新北市板橋區,新海里,963,604380,628,433,215,784,790.52,125.96
新北市板橋區,松柏里,681,592976,871,520,247,1068,1092.35,125.45
新北市板橋區,莒光里,856,775349,906,548,244,1127,1101.57,121.62
新北市板橋區,文聖里,1210,988663,817,518,245,988,965.86,118.21
新北市板橋區,富貴里,801,825479,1031,536,269,1136,1836.34,178.19
新北市板橋區,居仁里,1294,1242924,961,544,263,1214,1311.30,136.52
新北市板橋區,正泰里,925,747184,808,493,250,974,992.06,122.82
新北市板橋區,莊敬里,1435,1637547,1141,676,313,1459,1778.74,155.87
新北市板橋區,民生里,723,724375,1002,562,285,1128,2327.07,232.27
新北市板橋區,東安里,658,492489,748,475,226,994,854.04,114.11
新北市板橋區,其他,6,4248,708,580,289,960,571.41,80.71
新北市板橋區,合計,169498,154756486,913,538,256,1099,2542.30,278.45
新北市三峽區,三峽里,74,40665,550,387,216,650,640.22,116.50
新北市三峽區,秀川里,170,106311,625,389,162,818,735.56,117.62
新北市三峽區,八張里,1107,710110,641,424,210,792,868.07,135.32
新北市三峽區,中埔里,1023,675274,660,462,213,833,724.10,109.70
新北市三峽區,礁溪里,1823,1178883,647,447,222,842,674.53,104.31
新北市三峽區,永舘里,2186,1574940,720,458,229,892,899.59,124.86
新北市三峽區,鳶山里,2945,2121466,720,463,226,859,929.72,129.06
新北市三峽區,龍埔里,2997,2161522,721,481,230,926,929.47,128.87
新北市三峽區,弘道里,259,152923,590,384,217,641,840.78,142.40
新北市三峽區,大埔里,1143,728343,637,450,230,821,646.58,101.47
新北市三峽區,嘉添里,516,332114,644,356,207,732,1031.40,160.25
新北市三峽區,添福里,252,181745,721,471,242,902,942.64,130.70
新北市三峽區,溪南里,370,221189,598,402,201,665,717.46,120.01
新北市三峽區,溪北里,581,321568,553,375,185,641,723.95,130.80
新北市三峽區,溪東里,791,444615,562,387,213,687,789.90,140.53
新北市三峽區,成福里,238,129770,545,368,193,601,819.68,150.33
新北市三峽區,安坑里,290,153150,528,393,205,646,514.47,97.42
新北市三峽區,竹崙里,419,235982,563,373,177,650,738.11,131.05
新北市三峽區,金圳里,91,52529,577,387,227,664,592.69,102.68
新北市三峽區,五寮里,141,78778,559,373,195,627,666.53,119.30
新北市三峽區,插角里,105,87721,835,438,175,779,1339.48,160.33
新北市三峽區,有木里,85,59973,706,410,160,769,1063.26,150.70
新北市三峽區,安溪里,2155,1367995,635,430,215,766,990.46,156.03
新北市三峽區,中正里,1393,768227,551,399,204,707,565.40,102.52
新北市三峽區,介壽里,1818,1006558,554,397,203,689,588.55,106.30
新北市三峽區,二鬮里,985,574599,583,389,188,719,732.89,125.64
新北市三峽區,龍恩里,2426,2772690,1143,689,293,1488,1458.04,127.57
新北市三峽區,龍學里,5307,6499489,1225,789,335,1582,1476.96,120.60
新北市三峽區,其他,2,418,209,209,188,230,59.45,28.47
新北市三峽區,合計,31692,24739546,781,477,230,951,1048.39,134.30
新北市鶯歌區,東鶯里,324,282728,873,427,210,1008,1315.56,150.76
新北市鶯歌區,西鶯里,685,441692,645,432,209,786,711.48,110.34
新北市鶯歌區,南鶯里,1680,1208489,719,455,225,855,1004.99,139.71
新北市鶯歌區,北鶯里,1267,1136767,897,535,252,1132,1171.14,130.53
新北市鶯歌區,中鶯里,283,198356,701,451,236,926,728.19,103.89
新北市鶯歌區,建德里,139,74209,534,371,211,621,535.68,100.34
新北市鶯歌區,同慶里,464,324815,700,409,194,867,1111.01,158.71
新北市鶯歌區,南靖里,965,607843,630,414,214,758,759.53,120.58
新北市鶯歌區,尖山里,2881,1940472,674,468,242,855,736.64,109.37
新北市鶯歌區,二橋里,2515,1536118,611,423,228,752,672.96,110.18
新北市鶯歌區,二甲里,219,124978,571,398,213,681,692.36,121.32
新北市鶯歌區,東湖里,64,53389,834,481,225,890,1331.87,159.66
新北市鶯歌區,中湖里,1628,956181,587,409,215,714,727.79,123.91
新北市鶯歌區,鳳鳴里,2269,1661945,732,507,257,945,787.03,107.45
新北市鶯歌區,永昌里,2471,1567214,634,417,217,785,756.87,119.33
新北市鶯歌區,永吉里,1437,859898,598,404,224,745,658.28,110.01
新北市鶯歌區,鳳福里,1532,1014456,662,476,241,844,708.05,106.93
新北市鶯歌區,大湖里,1426,855836,600,403,218,745,688.69,114.75
新北市鶯歌區,建國里,2174,1482976,682,438,215,832,1041.67,152.71
新北市鶯歌區,鳳祥里,1231,765453,622,409,210,742,718.20,115.50
新北市鶯歌區,其他,1,2354,2354,2354,2354,2354,0.00,0.00
新北市鶯歌區,合計,25655,17096173,666,440,227,821,824.87,123.78
新北市樹林區,樹東里,367,277909,757,445,221,847,959.41,126.70
新北市樹林區,彭厝里,1524,851064,558,390,213,702,559.97,100.27
新北市樹林區,樹西里,1655,1356146,819,507,238,1073,944.57,115.27
新北市樹林區,坡內里,479,273788,572,365,189,642,747.75,130.82
新北市樹林區,樹北里,290,241225,832,556,272,971,953.35,114.61
新北市樹林區,潭底里,1229,827299,673,428,219,851,808.33,120.08
新北市樹林區,󿾵寮里,1471,820756,558,387,204,711,634.06,113.64
新北市樹林區,三多里,1214,712127,587,398,204,715,664.77,113.33
新北市樹林區,東山里,961,588749,613,409,204,751,773.11,126.19
新北市樹林區,樂山里,580,400389,690,418,228,801,1083.20,156.91
新北市樹林區,東園里,448,287414,642,426,204,767,761.24,118.66
新北市樹林區,西園里,500,286050,572,387,200,682,651.14,113.81
新北市樹林區,南園里,5223,6350537,1216,742,316,1583,1606.22,132.10
新北市樹林區,北園里,632,355381,562,383,191,712,674.98,120.04
新北市樹林區,柑園里,3406,4357423,1279,769,315,1696,1707.57,133.47
新北市樹林區,樹南里,1327,935595,705,460,228,898,783.30,111.10
新北市樹林區,樹德里,1091,868766,796,479,246,899,2141.97,268.99
新北市樹林區,樹人里,963,745698,774,452,225,898,1083.88,139.97
新北市樹林區,保安里,1868,1296476,694,454,225,854,914.26,131.73
新北市樹林區,三福里,1098,669319,610,411,202,738,735.04,120.58
新北市樹林區,三興里,1164,620905,533,390,198,660,613.11,114.94
新北市樹林區,大同里,1186,813364,686,453,218,860,821.17,119.74
新北市樹林區,彭福里,1685,1225523,727,473,238,907,889.47,122.29
新北市樹林區,東陽里,1857,1171151,631,421,213,788,762.73,120.94
新北市樹林區,東昇里,1658,1170516,706,457,233,892,823.43,116.64
新北市樹林區,和平里,1155,724921,628,423,227,723,920.06,146.59
新北市樹林區,圳福里,1279,792963,620,421,226,771,658.56,106.22
新北市樹林區,圳安里,1171,680153,581,404,200,744,651.87,112.23
新北市樹林區,樹興里,1093,760046,695,459,230,883,763.66,109.82
新北市樹林區,彭興里,1681,907463,540,372,201,691,564.61,104.59
新北市樹林區,文林里,1528,1057544,692,447,240,847,830.65,120.02
新北市樹林區,光興里,1196,671305,561,398,213,714,652.46,116.24
新北市樹林區,金寮里,1293,836404,647,442,222,785,741.24,114.59
新北市樹林區,中山里,1601,1077384,673,428,224,860,746.73,110.96
新北市樹林區,山佳里,1743,1084705,622,431,225,781,655.14,105.27
新北市樹林區,育英里,1068,874165,819,488,252,943,1090.98,133.29
新北市樹林區,樹福里,1211,1272498,1051,589,272,1309,1406.42,133.85
新北市樹林區,中華里,1082,701151,648,427,237,826,669.14,103.26
新北市樹林區,太順里,802,428721,535,383,191,666,545.97,102.13
新北市樹林區,圳民里,872,558310,640,425,217,769,1398.74,218.46
新北市樹林區,圳生里,540,307475,569,410,201,738,577.39,101.40
新北市樹林區,三龍里,749,502384,671,393,197,813,891.09,132.85
新北市樹林區,其他,8,4789,599,438,327,922,437.72,73.13
新北市樹林區,合計,53948,40745950,755,459,228,909,1062.51,140.68
新北市中和區,中原里,3548,4851319,1367,742,331,1619,2829.65,206.95
新北市中和區,平河里,3063,2563676,837,514,253,1062,969.29,115.81
新北市中和區,力行里,2104,1913228,909,583,261,1206,1033.92,113.70
新北市中和區,枋寮里,1204,1022484,849,516,248,1052,1027.44,120.98
新北市中和區,廟美里,1399,1061717,759,476,237,915,985.12,129.81
新北市中和區,瓦磘里,1779,1584293,891,544,264,1105,1063.28,119.40
新北市中和區,積穗里,2752,2498097,908,540,251,1105,1266.43,139.52
新北市中和區,瑞穗里,771,660786,857,531,235,1088,1039.24,121.26
新北市中和區,灰磘里,195,147258,755,450,196,934,1278.97,169.36
新北市中和區,錦和里,1712,1400136,818,484,246,976,1045.43,127.83
新北市中和區,內南里,1404,930040,662,427,227,811,786.39,118.71
新北市中和區,外南里,1426,1067982,749,447,223,910,935.15,124.86
新北市中和區,頂南里,893,663577,743,485,252,917,829.15,111.58
新北市中和區,橫路里,85,43345,510,340,123,683,612.33,120.08
新北市中和區,連和里,947,893151,943,594,283,1221,1178.25,124.93
新北市中和區,漳和里,1319,1322522,1003,589,286,1141,1581.05,157.68
新北市中和區,秀山里,1409,1124354,798,497,242,985,996.18,124.84
新北市中和區,員山里,2123,1998402,941,546,270,1170,1555.03,165.20
新北市中和區,安樂里,1285,1354286,1054,634,281,1361,1394.07,132.27
新北市中和區,壽德里,1373,1135752,827,528,229,1105,952.43,115.14
新北市中和區,新南里,2910,2935607,1009,629,270,1304,1170.60,116.04
新北市中和區,崇南里,1527,1310951,859,549,261,1105,977.32,113.84
新北市中和區,東南里,1296,1089887,841,451,213,935,2069.33,246.07
新北市中和區,秀明里,1702,1463876,860,534,240,1036,1129.87,131.37
新北市中和區,安平里,2200,2619924,1191,666,295,1466,1645.43,138.17
新北市中和區,景平里,2047,1891503,924,556,266,1150,1341.74,145.20
新北市中和區,嘉穗里,893,659667,739,445,229,963,859.94,116.41
新北市中和區,景安里,1636,1508682,922,549,250,1175,1223.81,132.71
新北市中和區,連城里,2168,1910856,881,525,254,1061,1159.58,131.56
新北市中和區,福美里,1249,850236,681,456,245,855,746.68,109.69
新北市中和區,安和里,1073,1080065,1007,588,252,1220,1296.20,128.77
新北市中和區,中安里,1656,1806924,1091,647,275,1363,1565.55,143.48
新北市中和區,泰安里,1081,824895,763,465,209,931,968.61,126.93
新北市中和區,華南里,1552,1554202,1001,561,273,1142,1382.52,138.06
新北市中和區,秀峰里,1681,1266759,754,462,228,940,1183.23,157.02
新北市中和區,秀水里,1139,763892,671,468,217,863,745.52,111.16
新北市中和區,景南里,962,737816,767,462,233,980,934.21,121.81
新北市中和區,復興里,1505,1165016,774,446,224,925,1301.56,168.14
新北市中和區,和興里,1444,1364696,945,530,237,1111,1460.51,154.54
新北市中和區,南山里,1835,1917335,1045,598,272,1278,1557.13,149.03
新北市中和區,景新里,1091,825611,757,472,238,929,882.98,116.68
新北市中和區,景福里,2007,1956862,975,581,258,1150,1430.23,146.69
新北市中和區,清穗里,920,670902,729,472,224,880,909.45,124.71
新北市中和區,佳和里,1579,1386156,878,535,253,1021,1283.96,146.26
新北市中和區,德穗里,1408,1151664,818,482,232,987,1022.14,124.96
新北市中和區,嘉新里,1196,795531,665,462,220,863,763.57,114.80
新北市中和區,建和里,1046,764754,731,448,217,943,925.35,126.57
新北市中和區,仁和里,1128,753568,668,445,227,832,725.08,108.54
新北市中和區,秀景里,2102,1904928,906,538,255,1128,1130.24,124.72
新北市中和區,中正里,1111,730482,657,436,220,826,735.28,111.83
新北市中和區,福善里,1432,1089612,761,500,240,921,953.74,125.34
新北市中和區,福真里,1241,933643,752,490,236,938,959.98,127.60
新北市中和區,秀仁里,1045,1034957,990,611,279,1236,1263.28,127.55
新北市中和區,忠孝里,1324,889432,672,438,229,851,782.05,116.41
新北市中和區,民享里,702,473944,675,447,243,814,794.93,117.74
新北市中和區,民生里,1281,1077853,841,539,261,1035,986.96,117.30
新北市中和區,國光里,1208,898822,744,498,246,975,798.14,107.27
新北市中和區,福和里,1124,823379,733,462,223,907,914.64,124.86
新北市中和區,秀成里,1136,944424,831,485,261,1008,1181.53,142.12
新北市中和區,秀福里,1632,1437577,881,560,261,1087,1135.99,128.96
新北市中和區,華新里,2519,1980465,786,531,267,1008,834.70,106.17
新北市中和區,壽南里,774,602086,778,502,249,972,1088.65,139.95
新北市中和區,文元里,1524,994134,652,451,223,832,687.23,105.35
新北市中和區,明德里,1100,721453,656,447,229,836,748.73,114.16
新北市中和區,信和里,1143,756061,661,452,226,827,734.69,111.07
新北市中和區,福祥里,1536,1208214,787,469,222,948,1096.13,139.35
新北市中和區,景文里,1425,1631003,1145,594,291,1328,1995.12,174.31
新北市中和區,錦昌里,745,819029,1099,623,282,1328,1443.32,131.29
新北市中和區,民安里,1582,1199523,758,483,242,1004,844.54,111.38
新北市中和區,安穗里,1440,1152284,800,509,239,1026,933.31,116.64
新北市中和區,明穗里,1396,1140608,817,526,252,1018,981.89,120.17
新北市中和區,自強里,1493,1037385,695,462,220,912,730.83,105.18
新北市中和區,正行里,1001,874056,873,571,271,1059,1025.57,117.45
新北市中和區,德行里,2396,2637535,1101,700,329,1405,1362.91,123.81
新北市中和區,安順里,1503,1380664,919,543,260,1108,1284.90,139.88
新北市中和區,宜安里,642,608711,948,584,268,1268,1100.44,116.06
新北市中和區,秀義里,862,761857,884,530,271,1072,1228.52,139.00
新北市中和區,秀士里,751,634788,845,516,233,1045,1298.89,153.67
新北市中和區,興南里,868,637608,735,456,236,891,917.79,124.94
新北市中和區,景本里,596,434750,729,476,213,841,956.05,131.06
新北市中和區,中興里,2379,2326328,978,600,286,1252,1132.32,115.80
新北市中和區,吉興里,1048,1050741,1003,615,272,1301,1222.26,121.91
新北市中和區,福南里,1253,905771,723,452,221,846,940.26,130.07
新北市中和區,正南里,915,592126,647,439,211,812,725.56,112.12
新北市中和區,錦盛里,1129,692594,613,424,223,781,639.84,104.30
新北市中和區,中山里,812,622575,767,505,250,887,977.62,127.51
新北市中和區,冠穗里,1038,804460,775,495,246,953,989.51,127.68
新北市中和區,嘉慶里,1172,810235,691,461,225,853,785.33,113.60
新北市中和區,錦中里,1217,939093,772,498,249,963,902.58,116.97
新北市中和區,員富里,1155,938170,812,478,238,944,1093.11,134.58
新北市中和區,民有里,791,546597,691,473,233,849,778.94,112.72
新北市中和區,碧河里,1867,2008344,1076,616,265,1333,1379.91,128.28
新北市中和區,國華里,1025,764837,746,482,247,939,838.74,112.40
新北市中和區,其他,6,5728,955,577,174,1650,1051.89,110.19
新北市中和區,合計,129163,111723109,865,522,249,1058,1225.49,141.68
新北市土城區,埤塘里,1109,721250,650,421,219,816,682.33,104.92
新北市土城區,土城里,599,441337,737,408,211,824,1230.00,166.94
新北市土城區,員林里,3064,3257507,1063,675,308,1342,1273.15,119.75
新北市土城區,貨饒里,1605,1473491,918,538,272,1088,1465.84,159.67
新北市土城區,柑林里,1398,1361748,974,646,284,1230,2142.68,219.97
新北市土城區,埤林里,2831,2457571,868,520,256,1067,1078.14,124.20
新北市土城區,峯廷里,2019,1167779,578,411,217,739,626.66,108.35
新北市土城區,廷寮里,1388,936660,675,448,233,845,803.49,119.07
新北市土城區,清水里,2381,1535614,645,434,224,835,740.25,114.78
新北市土城區,清化里,432,271393,628,411,203,786,746.82,118.88
新北市土城區,大安里,1517,1005200,663,411,216,803,882.49,133.18
新北市土城區,永寧里,2549,1793377,704,448,226,887,795.00,113.00
新北市土城區,祖田里,441,238628,541,395,194,682,609.27,112.60
新北市土城區,頂埔里,1523,1097746,721,455,231,891,917.47,127.29
新北市土城區,沛陂里,1587,1114352,702,460,224,852,888.20,126.49
新北市土城區,頂新里,1035,1002403,969,653,302,1298,976.24,100.80
新北市土城區,長風里,691,573746,830,492,248,1029,1009.83,121.62
新北市土城區,頂福里,1495,977345,654,439,232,813,734.56,112.36
新北市土城區,員仁里,1754,1067711,609,408,208,778,652.44,107.18
新北市土城區,日新里,1357,904746,667,432,214,837,808.33,121.24
新北市土城區,瑞興里,869,617664,711,479,242,852,834.31,117.38
新北市土城區,清溪里,2036,1503915,739,466,240,923,849.14,114.96
新北市土城區,清和里,1841,1095097,595,408,220,737,685.14,115.18
新北市土城區,永豐里,1363,1119144,821,496,251,1062,931.96,113.50
新北市土城區,日和里,2475,2297735,928,533,255,1131,1225.66,132.02
新北市土城區,平和里,2116,1355663,641,411,217,763,1186.60,185.21
新北市土城區,樂利里,1566,1081894,691,473,238,865,769.27,111.35
新北市土城區,廣福里,1827,1366683,748,490,239,938,960.40,128.39
新北市土城區,學府里,1070,770141,720,463,245,885,801.23,111.32
新北市土城區,延壽里,1269,756806,596,404,204,776,628.77,105.43
新北市土城區,安和里,1522,965856,635,428,227,788,724.62,114.19
新北市土城區,青雲里,1192,951008,798,517,259,1041,940.35,117.86
新北市土城區,員福里,1688,1091416,647,429,219,796,797.59,123.36
新北市土城區,延吉里,1095,618620,565,396,203,722,629.56,111.44
新北市土城區,復興里,1403,1050847,749,465,235,921,883.56,117.97
新北市土城區,裕生里,1689,1302849,771,466,230,951,1164.78,151.00
新北市土城區,員信里,1351,919326,680,440,234,829,846.62,124.42
新北市土城區,延和里,2124,1525241,718,469,226,891,820.39,114.24
新北市土城區,學成里,1067,754405,707,455,239,926,768.94,108.76
新北市土城區,永富里,1654,1053526,637,429,215,802,724.15,113.69
新北市土城區,中正里,1082,806056,745,467,213,955,872.51,117.12
新北市土城區,學士里,1651,1492731,904,541,263,1216,1014.66,112.22
新北市土城區,明德里,2333,2433862,1043,662,275,1349,1656.42,158.78
新北市土城區,廣興里,1171,888440,759,513,244,941,921.91,121.51
新北市土城區,青山里,801,508193,634,426,217,804,677.44,106.78
新北市土城區,金城里,2000,1434400,717,467,227,943,792.82,110.54
新北市土城區,延祿里,1149,702789,612,425,215,776,683.38,111.73
新北市土城區,其他,5,5053,1011,737,416,895,955.23,94.53
新北市土城區,合計,72184,53868961,746,470,234,921,991.81,132.90
新北市瑞芳區,龍潭里,233,165397,710,470,228,861,948.10,133.56
新北市瑞芳區,龍鎮里,349,202161,579,429,212,722,541.29,93.45
新北市瑞芳區,龍山里,392,211264,539,379,188,638,594.12,110.24
新北市瑞芳區,龍川里,499,295123,591,364,185,738,711.62,120.32
新北市瑞芳區,龍安里,163,95838,588,391,193,730,695.41,118.28
新北市瑞芳區,柑坪里,287,152465,531,377,186,632,686.87,129.30
新北市瑞芳區,爪峯里,1107,573014,518,377,193,654,537.70,103.88
新北市瑞芳區,基山里,90,45740,508,307,137,636,579.64,114.05
新北市瑞芳區,永慶里,85,48704,573,377,192,698,652.62,113.90
新北市瑞芳區,崇文里,68,27067,398,317,119,597,355.38,89.28
新北市瑞芳區,福住里,24,30348,1265,560,267,1051,2006.71,158.70
新北市瑞芳區,頌德里,75,35736,476,386,223,668,405.08,85.02
新北市瑞芳區,瓜山里,44,31536,717,477,229,1050,678.59,94.68
新北市瑞芳區,石山里,71,50356,709,438,216,951,763.07,107.59
新北市瑞芳區,新山里,77,39514,513,388,237,682,511.19,99.61
新北市瑞芳區,銅山里,34,18984,558,270,141,577,758.97,135.93
新北市瑞芳區,龍興里,609,417105,685,430,195,829,889.37,129.85
新北市瑞芳區,濓洞里,117,65498,560,363,144,686,599.67,107.12
新北市瑞芳區,吉慶里,527,273144,518,372,191,677,625.47,120.68
新北市瑞芳區,傑魚里,539,272470,506,373,177,635,672.80,133.09
新北市瑞芳區,上天里,349,165817,475,358,209,561,504.91,106.27
新北市瑞芳區,猴硐里,81,43141,533,374,194,663,525.11,98.59
新北市瑞芳區,光復里,51,23284,457,268,152,524,491.38,107.63
新北市瑞芳區,弓橋里,77,41952,545,250,178,721,646.28,118.62
新北市瑞芳區,碩仁里,27,17571,651,309,193,705,814.09,125.09
新北市瑞芳區,海濱里,271,151595,559,364,191,700,604.17,108.00
新北市瑞芳區,深澳里,255,133188,522,377,174,664,641.51,122.82
新北市瑞芳區,鼻頭里,150,86617,577,320,171,667,852.65,147.66
新北市瑞芳區,南雅里,57,22138,388,315,81,600,354.55,91.29
新北市瑞芳區,吉安里,845,454997,538,378,200,681,571.18,106.08
新北市瑞芳區,濓新里,57,21468,377,247,122,499,374.48,99.43
新北市瑞芳區,瑞濱里,456,232265,509,376,184,647,501.66,98.49
新北市瑞芳區,東和里,430,211599,492,336,184,629,536.84,109.09
新北市瑞芳區,新峰里,999,557306,558,409,217,694,553.39,99.20
新北市瑞芳區,其他,0,0,0,0,0,0,0.00,0.00
新北市瑞芳區,合計,9495,5214401,549,380,193,681,636.70,115.94
新北市平溪區,薯榔里,82,37178,453,348,194,505,437.73,96.55
新北市平溪區,白石里,55,24418,444,349,190,535,436.64,98.35
新北市平溪區,菁桐里,58,25862,446,345,243,579,346.60,77.73
新北市平溪區,平溪里,54,25546,473,336,158,511,501.32,105.97
新北市平溪區,石底里,95,63405,667,384,204,680,866.59,129.84
新北市平溪區,嶺腳里,134,65034,485,353,178,655,456.12,93.98
新北市平溪區,東勢里,64,43592,681,329,135,711,1259.71,184.95
新北市平溪區,平湖里,29,16623,573,421,254,650,639.12,111.50
新北市平溪區,南山里,71,38218,538,393,208,655,569.19,105.74
新北市平溪區,新寮里,23,12710,553,366,217,598,642.25,116.22
新北市平溪區,十分里,152,96320,634,365,232,645,1081.10,170.61
新北市平溪區,望古里,32,18115,566,494,263,859,416.00,73.48
新北市平溪區,其他,0,0,0,0,0,0,0.00,0.00
新北市平溪區,合計,849,467021,550,356,196,633,748.94,136.15
新北市雙溪區,雙溪里,103,50874,494,346,213,666,433.33,87.73
新北市雙溪區,共和里,88,39909,454,379,151,630,444.94,98.11
新北市雙溪區,新基里,155,97243,627,400,207,711,867.89,138.34
新北市雙溪區,魚行里,157,84549,539,387,189,695,539.34,100.15
新北市雙溪區,三港里,74,54766,740,516,222,968,754.36,101.93
新北市雙溪區,牡丹里,325,165774,510,372,192,662,554.19,108.65
新北市雙溪區,三貂里,76,38737,510,339,155,601,603.34,118.37
新北市雙溪區,平林里,228,133212,584,438,199,705,589.28,100.86
新北市雙溪區,上林里,130,74158,570,423,258,793,468.69,82.16
新北市雙溪區,外柑里,82,42634,520,364,186,716,521.24,100.25
新北市雙溪區,長源里,71,44492,627,401,204,728,908.56,144.99
新北市雙溪區,泰平里,330,228134,691,459,222,836,1122.80,162.41
新北市雙溪區,其他,0,0,0,0,0,0,0.00,0.00
新北市雙溪區,合計,1819,1054480,580,405,198,725,733.84,126.59
新北市貢寮區,貢寮里,171,88554,518,400,248,701,398.42,76.94
新北市貢寮區,雙玉里,140,101137,722,433,245,826,888.23,122.95
新北市貢寮區,龍崗里,95,46902,494,373,212,586,614.92,124.55
新北市貢寮區,吉林里,110,56935,518,369,197,661,495.41,95.72
新北市貢寮區,龍門里,129,74080,574,401,210,682,572.43,99.68
新北市貢寮區,福隆里,351,196670,560,370,195,707,614.54,109.68
新北市貢寮區,福連里,159,81988,516,370,180,576,633.41,122.84
新北市貢寮區,仁里里,427,257246,602,387,180,708,708.68,117.63
新北市貢寮區,真理里,389,209770,539,372,198,692,548.49,101.71
新北市貢寮區,美豐里,129,65922,511,391,180,725,452.02,88.45
新北市貢寮區,和美里,199,123582,621,378,205,699,892.51,143.72
新北市貢寮區,其他,0,0,0,0,0,0,0.00,0.00
新北市貢寮區,合計,2299,1302786,567,382,199,690,645.61,113.93
新北市金山區,和平里,117,67599,578,344,186,734,642.40,111.19
新北市金山區,大同里,176,96743,550,382,216,664,510.20,92.82
新北市金山區,豐漁里,102,46416,455,292,143,592,514.75,113.12
新北市金山區,磺港里,379,179269,473,327,169,592,527.54,111.53
新北市金山區,美田里,1189,696683,586,393,200,739,700.11,119.49
新北市金山區,五湖里,465,292330,629,388,202,737,820.56,130.52
新北市金山區,重和里,334,240484,720,366,176,708,1310.57,182.02
新北市金山區,兩湖里,90,44342,493,234,110,526,765.14,155.30
新北市金山區,六股里,161,85078,528,362,198,596,640.29,121.17
新北市金山區,三界里,139,78301,563,349,192,710,1148.79,203.93
新北市金山區,清泉里,186,112515,605,331,178,684,1201.26,198.58
新北市金山區,西湖里,44,33586,763,486,203,1012,923.62,121.00
新北市金山區,萬壽里,89,40943,460,364,180,601,401.94,87.37
新北市金山區,永興里,118,65151,552,381,184,675,573.69,103.90
新北市金山區,金美里,1447,787700,544,382,199,671,614.08,112.81
新北市金山區,其他,7,4301,614,361,283,567,666.55,108.48
新北市金山區,合計,5043,2871440,569,372,191,684,760.41,133.55
新北市萬里區,萬里里,1224,689384,563,393,209,669,708.92,125.87
新北市萬里區,龜吼里,584,362223,620,384,192,782,760.68,122.64
新北市萬里區,野柳里,686,371360,541,380,206,642,641.79,118.56
新北市萬里區,大鵬里,713,403139,565,388,194,679,803.49,142.11
新北市萬里區,磺潭里,147,87618,596,389,231,681,696.70,116.89
新北市萬里區,雙興里,202,143845,712,473,261,908,789.03,110.80
新北市萬里區,溪底里,123,75239,612,432,247,705,612.50,100.13
新北市萬里區,崁脚里,100,57577,576,388,238,705,762.52,132.44
新北市萬里區,中幅里,280,144928,518,352,191,623,546.05,105.50
新北市萬里區,北基里,619,291564,471,324,171,578,542.94,115.27
新北市萬里區,其他,3,1398,466,118,100,658,633.89,136.07
新北市萬里區,合計,4681,2628274,561,381,203,675,696.81,124.10
新北市淡水區,草東里,249,199043,799,439,182,1045,950.97,118.97
新北市淡水區,長庚里,473,361158,764,455,220,870,1035.58,135.63
新北市淡水區,清文里,305,202856,665,423,208,744,1000.22,150.39
新北市淡水區,鄧公里,2196,2074517,945,585,266,1158,1452.95,153.80
新北市淡水區,永吉里,256,192478,752,463,251,908,839.10,111.60
新北市淡水區,協元里,401,237396,592,382,172,707,714.18,120.64
新北市淡水區,民安里,207,213832,1033,402,144,807,3515.49,340.32
新北市淡水區,新生里,159,102668,646,436,169,844,696.87,107.92
新北市淡水區,文化里,537,376944,702,472,214,957,758.43,108.05
新北市淡水區,油車里,1730,1170052,676,420,198,835,887.26,131.19
新北市淡水區,沙崙里,1494,1080566,723,426,213,842,936.99,129.55
新北市淡水區,水碓里,1797,1191263,663,426,207,849,802.26,121.02
新北市淡水區,北投里,3856,3574353,927,627,281,1224,998.33,107.70
新北市淡水區,崁頂里,8263,7373481,892,595,266,1121,1153.18,129.23
新北市淡水區,屯山里,293,161568,551,398,221,608,690.86,125.29
新北市淡水區,中和里,146,78285,536,413,196,702,490.85,91.54
新北市淡水區,水源里,575,361507,629,389,174,778,957.89,152.36
新北市淡水區,忠寮里,300,226663,756,462,243,810,1170.82,154.96
新北市淡水區,樹興里,478,441500,924,495,253,1124,1399.17,151.48
新北市淡水區,埤島里,620,488546,788,523,232,1003,930.09,118.03
新北市淡水區,興仁里,454,297987,656,430,207,752,819.85,124.91
新北市淡水區,義山里,667,361695,542,380,203,636,703.68,129.77
新北市淡水區,蕃薯里,294,161913,551,363,208,679,674.81,122.53
新北市淡水區,忠山里,242,167168,691,451,196,825,964.10,139.57
新北市淡水區,賢孝里,414,249835,603,373,190,651,927.89,153.76
新北市淡水區,竿蓁里,4388,4343745,990,612,266,1201,1456.09,147.09
新北市淡水區,坪頂里,435,374156,860,503,242,1037,1226.22,142.56
新北市淡水區,八勢里,2899,3780679,1304,715,290,1502,2541.19,194.86
新北市淡水區,竹圍里,2177,1937638,890,498,239,1144,1159.95,130.32
新北市淡水區,中興里,1114,711956,639,401,186,775,872.37,136.50
新北市淡水區,福德里,2652,2822708,1064,621,276,1237,1768.55,166.16
新北市淡水區,民生里,2704,2254938,834,514,239,1070,1007.54,120.82
新北市淡水區,新興里,2564,1851820,722,472,216,928,885.86,122.65
新北市淡水區,新義里,1222,728462,596,389,199,727,797.58,133.80
新北市淡水區,新春里,3188,2534227,795,524,251,1069,849.71,106.89
新北市淡水區,新民里,1506,1247689,828,493,228,997,1115.80,134.68
新北市淡水區,正德里,1603,1179707,736,466,227,949,896.50,121.82
新北市淡水區,北新里,970,797749,822,506,250,1059,1156.86,140.66
新北市淡水區,幸福里,1167,775509,665,422,206,816,831.68,125.15
新北市淡水區,學府里,1506,1035301,687,434,186,840,947.84,137.88
新北市淡水區,民權里,1712,1791877,1047,590,271,1276,1536.85,146.83
新北市淡水區,大庄里,3885,3381112,870,509,229,1070,2962.80,340.44
新北市淡水區,其他,11,8809,801,362,177,574,1550.40,193.60
新北市淡水區,合計,62109,52905354,852,515,237,1052,1427.44,167.58
新北市汐止區,仁德里,635,442920,698,453,235,860,801.39,114.89
新北市汐止區,義民里,419,290985,694,422,191,909,842.20,121.27
新北市汐止區,禮門里,389,303794,781,487,235,1045,889.51,113.90
新北市汐止區,智慧里,1796,1697007,945,575,266,1206,1238.40,131.06
新北市汐止區,信望里,117,92264,789,496,250,973,856.51,108.61
新北市汐止區,橋東里,1398,1267742,907,596,271,1183,1002.35,110.53
新北市汐止區,茄苳里,1398,876981,627,438,217,786,716.12,114.16
新北市汐止區,保安里,547,317785,581,409,203,709,639.15,110.02
新北市汐止區,保長里,1676,1188376,709,484,256,930,742.01,104.65
新北市汐止區,鄉長里,776,473757,611,414,209,744,695.48,113.92
新北市汐止區,江北里,2059,1312152,637,423,229,800,723.51,113.53
新北市汐止區,烘內里,489,293673,601,400,202,752,744.58,123.98
新北市汐止區,拱北里,1544,826191,535,372,193,671,629.00,117.55
新北市汐止區,樟樹里,702,410966,585,409,210,731,663.20,113.29
新北市汐止區,北峰里,1827,1344985,736,466,252,901,984.82,133.78
新北市汐止區,北山里,2089,1568707,751,473,241,915,987.82,131.54
新北市汐止區,八連里,299,216389,724,407,202,722,2999.38,414.45
新北市汐止區,白雲里,1496,1361962,910,516,239,1036,1454.38,159.75
新北市汐止區,橫科里,1511,1132584,750,481,239,923,848.45,113.19
新北市汐止區,東山里,174,104943,603,372,182,654,842.38,139.67
新北市汐止區,新昌里,1876,1598094,852,534,267,1069,1061.79,124.64
新北市汐止區,秀峰里,1408,1118218,794,452,223,966,1133.33,142.70
新北市汐止區,復興里,2752,3199402,1163,669,294,1464,1684.71,144.91
新北市汐止區,長安里,507,304723,601,442,213,770,629.40,104.72
新北市汐止區,福山里,1364,1616808,1185,592,273,1349,2104.21,177.52
新北市汐止區,宜興里,1016,986988,971,587,287,1181,1256.28,129.32
新北市汐止區,中興里,2860,2142721,749,456,224,911,1049.91,140.14
新北市汐止區,湖光里,2407,2432410,1011,574,268,1185,1952.71,193.23
新北市汐止區,厚德里,2514,1813613,721,486,251,913,858.96,119.07
新北市汐止區,忠孝里,3001,2351055,783,479,239,957,1056.97,134.92
新北市汐止區,文化里,1682,1619875,963,594,285,1273,1110.50,115.31
新北市汐止區,自強里,2153,2228103,1035,589,276,1276,1396.62,134.95
新北市汐止區,金龍里,1904,1504607,790,487,257,970,982.49,124.33
新北市汐止區,福德里,1206,831509,689,457,234,894,740.57,107.41
新北市汐止區,興福里,1169,893253,764,494,242,948,929.78,121.68
新北市汐止區,康福里,2024,1674176,827,546,275,1082,903.44,109.22
新北市汐止區,忠山里,1338,1889200,1412,668,321,1601,2596.98,183.93
新北市汐止區,環河里,437,290308,664,442,228,815,759.81,114.37
新北市汐止區,東勢里,1922,2412905,1255,714,317,1478,2130.38,169.70
新北市汐止區,山光里,1120,887587,792,520,267,991,903.37,113.99
新北市汐止區,大同里,1049,852812,813,506,260,1004,950.12,116.87
新北市汐止區,崇德里,1756,1370388,780,487,253,956,960.26,123.05
新北市汐止區,湖興里,2450,2370362,967,543,257,1094,1658.76,171.45
新北市汐止區,長青里,355,492625,1388,669,309,1289,2663.29,191.92
新北市汐止區,福安里,2446,2709802,1108,692,315,1512,1201.92,108.49
新北市汐止區,秀山里,1697,1618014,953,523,246,1147,1395.91,146.40
新北市汐止區,建成里,1950,1685501,864,564,270,1118,981.07,113.50
新北市汐止區,城中里,1674,1505464,899,596,273,1174,1038.27,115.45
新北市汐止區,湖蓮里,1136,1453094,1279,756,311,1503,1779.87,139.15
新北市汐止區,保新里,1039,628025,604,429,225,766,658.14,108.88
新北市汐止區,其他,16,11502,719,533,368,777,631.32,87.82
新北市汐止區,合計,71569,62017304,867,517,251,1048,1279.52,147.66
新北市三芝區,八賢里,73,25632,351,271,115,480,315.01,89.72
新北市三芝區,埔頭里,1519,712499,469,340,175,594,489.38,104.33
新北市三芝區,古庄里,314,173452,552,355,189,685,619.29,112.11
新北市三芝區,新庄里,178,94575,531,307,200,670,563.28,106.01
新北市三芝區,埔坪里,1805,879226,487,338,171,601,525.18,107.82
新北市三芝區,茂長里,168,91232,543,447,204,688,500.74,92.21
新北市三芝區,橫山里,107,52229,488,365,149,576,552.39,113.17
新北市三芝區,錫板里,165,89322,541,337,168,595,657.59,121.47
新北市三芝區,後厝里,645,465634,722,397,178,776,1287.80,178.39
新北市三芝區,福德里,225,163857,728,470,204,966,1183.43,162.50
新北市三芝區,圓山里,119,62521,525,379,176,716,521.35,99.23
新北市三芝區,店子里,139,76117,548,423,187,680,556.70,101.66
新北市三芝區,興華里,350,222598,636,397,228,715,990.93,155.81
新北市三芝區,其他,0,0,0,0,0,0,0.00,0.00
新北市三芝區,合計,5807,3108894,535,355,179,654,723.24,135.09
新北市石門區,德茂里,267,143531,538,354,196,562,721.23,134.16
新北市石門區,富基里,329,182156,554,366,180,676,793.91,143.39
新北市石門區,老梅里,516,290047,562,347,187,615,1167.33,207.67
新北市石門區,山溪里,217,108729,501,315,176,685,513.51,102.49
新北市石門區,石門里,445,279463,628,403,178,789,780.41,124.27
新北市石門區,尖鹿里,407,229545,564,403,196,691,677.33,120.10
新北市石門區,乾華里,75,39038,521,378,201,614,543.32,104.38
新北市石門區,茂林里,171,112746,659,379,187,842,861.51,130.66
新北市石門區,草里里,200,99776,499,376,191,614,490.72,98.36
新北市石門區,其他,0,0,0,0,0,0,0.00,0.00
新北市石門區,合計,2627,1485031,565,371,189,674,819.11,144.90
新北市八里區,龍源里,2376,1812115,763,455,226,887,1068.20,140.06
新北市八里區,米倉里,1157,804950,696,435,217,828,940.42,135.17
新北市八里區,大崁里,1067,771097,723,443,217,923,971.91,134.49
新北市八里區,埤頭里,1322,887276,671,422,213,815,1137.82,169.53
新北市八里區,頂罟里,690,455758,661,451,226,810,771.76,116.84
新北市八里區,舊城里,2114,1200860,568,384,201,726,648.49,114.16
新北市八里區,訊塘里,1569,1078395,687,454,224,826,861.40,125.33
新北市八里區,荖阡里,449,320052,713,415,208,820,1106.94,155.29
新北市八里區,下罟里,447,262943,588,370,192,684,769.42,130.80
新北市八里區,長坑里,423,258811,612,406,195,732,723.25,118.21
新北市八里區,其他,0,0,0,0,0,0,0.00,0.00
新北市八里區,合計,11614,7852258,676,427,214,812,927.83,137.23
新北市永和區,下溪里,1531,1639655,1071,609,279,1304,1909.28,178.28
新北市永和區,中溪里,1670,1523692,912,546,246,1111,1150.34,126.08
新北市永和區,上溪里,641,575507,898,544,262,1096,1132.39,126.13
新北市永和區,後溪里,716,799518,1117,616,295,1373,1569.58,140.56
新北市永和區,頂溪里,827,791694,957,599,277,1238,1160.32,121.21
新北市永和區,網溪里,361,296962,823,556,246,1019,908.69,110.46
新北市永和區,復興里,816,761033,933,555,237,1158,1244.44,133.43
新北市永和區,竹林里,1190,1011313,850,543,260,1043,1034.67,121.75
新北市永和區,中興里,1101,1295960,1177,629,291,1317,1895.42,161.03
新北市永和區,店街里,1425,1601760,1124,644,281,1356,1570.29,139.70
新北市永和區,潭墘里,1549,1721286,1111,621,288,1335,1757.20,158.13
新北市永和區,水源里,1264,1146423,907,588,271,1131,1130.49,124.64
新北市永和區,秀朗里,1151,938562,815,517,254,1005,1050.14,128.78
新北市永和區,大同里,326,282264,866,477,248,954,1222.18,141.15
新北市永和區,永成里,234,153623,657,459,239,731,807.65,123.02
新北市永和區,福和里,1892,2212647,1169,628,297,1309,3189.50,272.73
新北市永和區,豫溪里,1186,1090548,920,554,233,1149,1318.78,143.42
新北市永和區,上林里,1133,1101392,972,566,259,1162,1724.85,177.43
新北市永和區,新廍里,695,615580,886,530,254,1118,1071.65,120.99
新北市永和區,和平里,1590,1508405,949,573,249,1130,1244.43,131.17
新北市永和區,仁愛里,948,974489,1028,594,271,1290,1252.47,121.84
新北市永和區,前溪里,696,682629,981,599,259,1209,1340.21,136.65
新北市永和區,永興里,969,896000,925,544,262,1142,1187.89,128.47
新北市永和區,永安里,1438,1698409,1181,664,268,1409,2707.71,229.25
新北市永和區,雙和里,1334,1312577,984,627,284,1224,1220.61,124.05
新北市永和區,得和里,1470,1497304,1019,606,276,1196,1551.08,152.28
新北市永和區,大新里,883,928586,1052,618,288,1348,1528.31,145.33
新北市永和區,桂林里,1183,1015848,859,503,217,1061,1138.42,132.57
新北市永和區,勵行里,386,326058,845,576,256,1125,901.73,106.75
新北市永和區,光復里,566,526719,931,599,265,1194,1000.28,107.49
新北市永和區,光明里,1021,1003711,983,641,288,1230,1148.00,116.78
新北市永和區,信義里,963,977913,1015,610,269,1262,1356.35,133.57
新北市永和區,正興里,771,726250,942,536,269,1110,1322.14,140.36
新北市永和區,忠義里,198,129015,652,416,194,759,833.88,127.98
新北市永和區,新生里,297,382807,1289,588,258,1378,2350.85,182.39
新北市永和區,河堤里,1221,1425654,1168,669,293,1375,1850.27,158.47
新北市永和區,民治里,905,873232,965,506,236,1098,3270.12,338.91
新北市永和區,智光里,910,673590,740,487,243,953,830.35,112.18
新北市永和區,秀和里,1641,1798801,1096,590,270,1194,5409.56,493.50
新北市永和區,潭安里,1572,1458071,928,587,291,1206,1038.87,112.00
新北市永和區,永貞里,1104,1004620,910,570,257,1126,1101.20,121.01
新北市永和區,福林里,1063,869437,818,501,237,999,973.11,118.98
新北市永和區,安和里,1330,1291316,971,593,280,1221,1254.37,129.20
新北市永和區,文化里,871,844009,969,507,252,1132,1862.97,192.26
新北市永和區,民權里,1472,1365860,928,565,259,1155,1224.98,132.02
新北市永和區,民生里,1159,981499,847,528,237,1103,957.46,113.06
新北市永和區,永福里,875,848778,970,595,295,1102,1299.01,133.91
新北市永和區,河濱里,1030,1018810,989,566,267,1247,1289.16,130.33
新北市永和區,永元里,1572,1463546,931,545,252,1134,1272.60,136.69
新北市永和區,秀成里,867,764978,882,521,245,1006,2138.74,242.40
新北市永和區,秀林里,1275,1362633,1069,605,290,1334,1524.69,142.66
新北市永和區,秀得里,875,747408,854,557,253,1103,1116.89,130.76
新北市永和區,民族里,1463,1520008,1039,630,284,1305,1470.09,141.50
新北市永和區,民本里,1299,1484530,1143,646,286,1320,1670.28,146.15
新北市永和區,民樂里,1520,1801737,1185,637,280,1310,2088.34,176.18
新北市永和區,協和里,881,701972,797,505,242,1017,931.72,116.93
新北市永和區,保平里,1549,1618221,1045,611,285,1280,1898.58,181.74
新北市永和區,保安里,2456,2785716,1134,668,296,1420,1542.23,135.97
新北市永和區,民富里,857,712279,831,565,276,1064,879.34,105.80
新北市永和區,秀元里,982,825299,840,510,229,1104,987.41,117.49
新北市永和區,永樂里,804,703825,875,547,248,1063,1074.69,122.76
新北市永和區,保順里,3779,5009804,1326,769,315,1677,2028.78,153.04
新北市永和區,其他,4,1370,343,135,51,426,500.91,146.24
新北市永和區,合計,69757,70103140,1005,585,268,1213,1785.97,177.71
新北市其他,其他,50,36628,733,628,251,1021,670.01,91.46
新北市其他,合計,50,36628,733,628,251,1021,670.01,91.46
