Statistical Year,Region Code,Region Name,Village Name,Ordinary Households,Institutional Households,Single-person Households,Ordinary Households - Male,Institutional Households - Male,Single-person Households - Male,Ordinary Households - Female,Institutional Households - Female,Single-person Households - Female
111,65000010001,新北市板橋區,留侯里,445,0,237,660,0,108,737,0,129
111,65000010002,新北市板橋區,流芳里,376,0,248,551,0,109,657,0,139
111,65000010003,新北市板橋區,赤松里,268,0,233,400,0,96,436,0,137
111,65000010004,新北市板橋區,黃石里,341,0,193,538,0,85,574,0,108
111,65000010005,新北市板橋區,挹秀里,512,0,332,762,0,176,835,0,156
111,65000010006,新北市板橋區,湳興里,1300,0,947,2034,0,433,2174,0,514
111,65000010007,新北市板橋區,新興里,775,0,799,1166,0,348,1251,0,451
111,65000010008,新北市板橋區,社後里,1984,0,3637,3035,0,2459,3016,0,1178
111,65000010009,新北市板橋區,香社里,1172,0,639,1895,0,327,1981,0,312
111,65000010010,新北市板橋區,中正里,1802,0,1387,2758,0,678,2883,0,709
111,65000010011,新北市板橋區,自強里,1362,0,707,2106,0,350,2232,0,357
111,65000010012,新北市板橋區,自立里,736,0,371,1126,0,176,1247,0,195
111,65000010013,新北市板橋區,光華里,694,0,428,1075,0,201,1116,0,227
111,65000010014,新北市板橋區,國光里,1007,0,534,1484,0,258,1635,0,276
111,65000010015,新北市板橋區,港尾里,767,0,344,1239,0,160,1338,0,184
111,65000010016,新北市板橋區,金華里,1032,0,464,1696,0,214,1787,0,250
111,65000010017,新北市板橋區,港德里,1223,0,687,1990,0,308,2029,0,379
111,65000010018,新北市板橋區,民權里,708,0,403,1093,0,196,1171,0,207
111,65000010019,新北市板橋區,建國里,899,0,518,1397,0,250,1556,0,268
111,65000010020,新北市板橋區,漢生里,1124,0,582,1774,0,287,1940,0,295
111,65000010021,新北市板橋區,公舘里,1033,0,493,1698,0,252,1759,0,241
111,65000010022,新北市板橋區,新民里,1226,0,519,1949,0,250,2038,0,269
111,65000010023,新北市板橋區,幸福里,1052,0,540,1671,0,269,1814,0,271
111,65000010024,新北市板橋區,忠誠里,1180,0,584,1771,0,278,1976,0,306
111,65000010025,新北市板橋區,百壽里,824,0,409,1182,0,185,1369,0,224
111,65000010026,新北市板橋區,介壽里,874,0,421,1337,0,193,1449,0,228
111,65000010027,新北市板橋區,新埔里,542,0,346,831,0,161,878,0,185
111,65000010028,新北市板橋區,華江里,2066,0,1200,3114,0,480,3447,0,720
111,65000010029,新北市板橋區,江翠里,1316,0,863,2126,0,421,2219,0,442
111,65000010030,新北市板橋區,純翠里,1413,0,747,2269,0,334,2472,0,413
111,65000010031,新北市板橋區,溪頭里,2053,0,1750,3117,0,837,3337,0,913
111,65000010032,新北市板橋區,聯翠里,952,0,727,1426,0,295,1556,0,432
111,65000010033,新北市板橋區,宏翠里,1388,0,1182,2106,0,500,2259,0,682
111,65000010034,新北市板橋區,仁翠里,720,0,383,1215,0,175,1252,0,208
111,65000010035,新北市板橋區,新翠里,2144,0,1176,3380,0,511,3723,0,665
111,65000010036,新北市板橋區,吉翠里,968,0,447,1628,0,211,1716,0,236
111,65000010037,新北市板橋區,德翠里,1933,0,800,3130,0,405,3336,0,395
111,65000010038,新北市板橋區,滿翠里,754,0,406,1259,0,171,1322,0,235
111,65000010039,新北市板橋區,明翠里,1204,0,755,1946,0,339,1993,0,416
111,65000010040,新北市板橋區,松翠里,836,0,581,1320,0,277,1416,0,304
111,65000010041,新北市板橋區,柏翠里,1242,0,1169,1903,0,531,2045,0,638
111,65000010042,新北市板橋區,龍翠里,1283,0,704,2066,0,348,2178,0,356
111,65000010043,新北市板橋區,華翠里,934,0,447,1522,0,206,1580,0,241
111,65000010044,新北市板橋區,忠翠里,2913,0,1663,4339,0,693,4853,0,970
111,65000010045,新北市板橋區,嵐翠里,591,0,372,1009,0,171,984,0,201
111,65000010046,新北市板橋區,文翠里,984,0,546,1641,0,270,1687,0,276
111,65000010047,新北市板橋區,青翠里,792,0,420,1320,0,208,1298,0,212
111,65000010048,新北市板橋區,懷翠里,1574,0,670,2659,0,345,2731,0,325
111,65000010049,新北市板橋區,福翠里,357,0,220,581,0,113,578,0,107
111,65000010050,新北市板橋區,港嘴里,1578,0,831,2530,0,419,2635,0,412
111,65000010051,新北市板橋區,振興里,1117,0,575,1822,0,285,1934,0,290
111,65000010052,新北市板橋區,振義里,1067,0,600,1769,0,295,1827,0,305
111,65000010053,新北市板橋區,光復里,866,0,503,1467,0,237,1406,0,266
111,65000010054,新北市板橋區,埔墘里,1597,0,1023,2479,0,455,2727,0,568
111,65000010055,新北市板橋區,長壽里,766,0,345,1293,0,158,1281,0,187
111,65000010056,新北市板橋區,福壽里,867,0,427,1360,0,212,1473,0,215
111,65000010057,新北市板橋區,海山里,2186,0,611,3528,0,280,3954,0,331
111,65000010058,新北市板橋區,九如里,751,0,360,1242,0,166,1292,0,194
111,65000010059,新北市板橋區,玉光里,1508,0,773,2326,0,325,2550,0,448
111,65000010060,新北市板橋區,光仁里,755,0,294,1278,0,156,1326,0,138
111,65000010061,新北市板橋區,埤墘里,1243,0,585,1967,0,264,2155,0,321
111,65000010062,新北市板橋區,永安里,1043,0,443,1643,0,218,1773,0,225
111,65000010063,新北市板橋區,雙玉里,1157,0,440,1890,0,213,1991,0,227
111,65000010064,新北市板橋區,廣新里,952,0,339,1647,0,154,1693,0,185
111,65000010065,新北市板橋區,深丘里,2437,0,1289,3777,0,596,4036,0,693
111,65000010066,新北市板橋區,香丘里,1064,0,460,1675,0,228,1841,0,232
111,65000010067,新北市板橋區,西安里,752,0,335,1196,0,165,1273,0,170
111,65000010068,新北市板橋區,東丘里,1208,0,481,2056,0,235,2169,0,246
111,65000010069,新北市板橋區,長安里,1294,0,431,2102,0,212,2264,0,219
111,65000010070,新北市板橋區,福丘里,1346,0,928,1935,0,409,2262,0,519
111,65000010071,新北市板橋區,福祿里,1128,0,583,1763,0,267,1923,0,316
111,65000010072,新北市板橋區,民族里,1410,0,531,2242,0,264,2462,0,267
111,65000010073,新北市板橋區,國泰里,983,0,467,1561,0,205,1677,0,262
111,65000010074,新北市板橋區,福德里,1295,0,647,2183,0,319,2192,0,328
111,65000010075,新北市板橋區,景星里,869,0,728,1340,0,335,1433,0,393
111,65000010076,新北市板橋區,福星里,913,0,452,1493,0,197,1573,0,255
111,65000010077,新北市板橋區,鄉雲里,973,1,703,1461,4,311,1601,5,392
111,65000010078,新北市板橋區,廣德里,1819,0,899,2945,0,435,3118,0,464
111,65000010079,新北市板橋區,大豐里,1209,0,586,1940,0,267,2055,0,319
111,65000010080,新北市板橋區,重慶里,2314,0,1013,3777,0,441,4040,0,572
111,65000010081,新北市板橋區,仁愛里,806,0,350,1331,0,162,1351,0,188
111,65000010082,新北市板橋區,和平里,1157,0,589,1752,0,250,1947,0,339
111,65000010083,新北市板橋區,廣福里,1040,0,515,1683,0,281,1849,0,234
111,65000010084,新北市板橋區,華興里,1084,0,613,1718,0,277,1849,0,336
111,65000010085,新北市板橋區,華貴里,672,0,319,1101,0,150,1154,0,169
111,65000010086,新北市板橋區,華德里,1874,0,1130,2914,0,483,3033,0,647
111,65000010087,新北市板橋區,華東里,2078,0,1511,3090,0,739,3339,0,772
111,65000010088,新北市板橋區,信義里,1108,0,671,1837,0,314,1888,0,357
111,65000010089,新北市板橋區,浮洲里,897,1,509,1589,2,266,1597,1,243
111,65000010090,新北市板橋區,華中里,1378,0,585,2328,0,307,2368,0,278
111,65000010091,新北市板橋區,僑中里,1101,0,475,1885,0,250,1927,0,225
111,65000010092,新北市板橋區,中山里,1838,0,1301,2874,0,640,3018,0,661
111,65000010093,新北市板橋區,復興里,191,1,81,341,173,40,310,20,41
111,65000010094,新北市板橋區,大安里,1016,0,512,1760,0,273,1704,0,239
111,65000010095,新北市板橋區,福安里,1992,0,1490,2970,0,678,3176,0,812
111,65000010096,新北市板橋區,聚安里,1361,0,637,2274,0,335,2325,0,302
111,65000010097,新北市板橋區,龍安里,695,0,377,1181,0,174,1223,0,203
111,65000010098,新北市板橋區,崑崙里,2630,0,1129,4431,0,517,4586,0,612
111,65000010099,新北市板橋區,溪洲里,1555,0,649,2600,0,306,2719,0,343
111,65000010100,新北市板橋區,溪北里,938,0,427,1545,0,212,1612,0,215
111,65000010101,新北市板橋區,香雅里,724,0,483,1136,0,222,1161,0,261
111,65000010102,新北市板橋區,新生里,1137,0,450,1904,0,227,1948,0,223
111,65000010103,新北市板橋區,文德里,828,0,501,1320,0,235,1333,0,266
111,65000010104,新北市板橋區,文化里,862,0,549,1374,0,250,1430,0,299
111,65000010105,新北市板橋區,新海里,874,0,376,1533,0,174,1505,0,202
111,65000010106,新北市板橋區,莒光里,715,0,423,1136,0,204,1235,0,219
111,65000010107,新北市板橋區,富貴里,607,0,268,958,0,128,1044,0,140
111,65000010108,新北市板橋區,正泰里,804,0,315,1285,0,152,1405,0,163
111,65000010109,新北市板橋區,民生里,623,0,303,976,0,137,1033,0,166
111,65000010110,新北市板橋區,後埔里,963,0,642,1515,0,319,1626,0,323
111,65000010111,新北市板橋區,華福里,504,0,241,822,0,110,905,0,131
111,65000010112,新北市板橋區,堂春里,1119,0,412,1937,0,204,2000,0,208
111,65000010113,新北市板橋區,成和里,1963,0,900,3174,0,427,3324,0,473
111,65000010114,新北市板橋區,光榮里,655,0,371,1085,0,185,1072,0,186
111,65000010115,新北市板橋區,民安里,572,0,278,874,0,123,984,0,155
111,65000010116,新北市板橋區,陽明里,690,0,354,1132,0,168,1181,0,186
111,65000010117,新北市板橋區,朝陽里,866,0,438,1394,0,219,1578,0,219
111,65000010118,新北市板橋區,松柏里,589,0,342,924,0,163,992,0,179
111,65000010119,新北市板橋區,文聖里,1047,0,386,1741,0,183,1832,0,203
111,65000010120,新北市板橋區,居仁里,1031,0,559,1714,0,258,1748,0,301
111,65000010121,新北市板橋區,莊敬里,1262,0,459,1977,0,182,2088,0,277
111,65000010122,新北市板橋區,東安里,664,0,228,1133,0,109,1203,0,119
111,65000010123,新北市板橋區,五權里,1086,0,501,1833,0,247,1828,0,254
111,65000010124,新北市板橋區,溪福里,3868,0,1314,6547,0,625,6774,0,689
111,65000010125,新北市板橋區,大觀里,946,0,382,1635,0,170,1663,0,212
111,65000010126,新北市板橋區,歡園里,301,0,158,546,0,84,499,0,74
111,65000020001,新北市三重區,大有里,1326,0,725,2265,0,365,2295,0,360
111,65000020002,新北市三重區,二重里,399,0,194,711,0,105,712,0,89
111,65000020003,新北市三重區,頂崁里,676,0,443,1105,0,252,1157,0,191
111,65000020004,新北市三重區,谷王里,342,0,334,557,0,173,542,0,161
111,65000020005,新北市三重區,中興里,985,0,682,1649,0,368,1669,0,314
111,65000020006,新北市三重區,德厚里,119,0,142,171,0,72,184,0,70
111,65000020007,新北市三重區,成功里,1857,0,1573,2775,0,738,3042,0,835
111,65000020008,新北市三重區,福祉里,1513,0,1070,2377,0,501,2491,0,569
111,65000020009,新北市三重區,福民里,862,0,468,1438,0,232,1522,0,236
111,65000020010,新北市三重區,過田里,2023,0,3490,3088,0,2265,3150,0,1225
111,65000020011,新北市三重區,錦田里,546,0,345,911,0,161,903,0,184
111,65000020012,新北市三重區,重明里,998,0,668,1583,0,310,1647,0,358
111,65000020013,新北市三重區,光田里,1130,0,855,1745,0,377,1799,0,478
111,65000020014,新北市三重區,光陽里,1625,0,1052,2632,0,509,2647,0,543
111,65000020015,新北市三重區,田心里,1062,0,575,1732,0,274,1776,0,301
111,65000020016,新北市三重區,福田里,891,0,363,1520,0,178,1532,0,185
111,65000020017,新北市三重區,田中里,1662,0,704,2769,0,361,2960,0,343
111,65000020018,新北市三重區,田安里,1578,0,824,2576,0,380,2759,0,444
111,65000020019,新北市三重區,三民里,892,0,477,1494,0,244,1533,0,233
111,65000020020,新北市三重區,光明里,1923,0,1195,3164,0,551,3267,0,644
111,65000020021,新北市三重區,光正里,687,0,678,1021,0,304,1086,0,374
111,65000020022,新北市三重區,同安里,367,0,250,589,0,136,608,0,114
111,65000020023,新北市三重區,同慶里,455,0,310,740,0,138,752,0,172
111,65000020024,新北市三重區,菜寮里,561,0,395,915,0,186,986,0,209
111,65000020025,新北市三重區,永春里,476,0,322,749,0,166,807,0,156
111,65000020026,新北市三重區,中正里,334,0,250,537,0,133,588,0,117
111,65000020027,新北市三重區,吉利里,361,0,287,559,0,141,576,0,146
111,65000020028,新北市三重區,大同里,498,0,452,764,0,202,795,0,250
111,65000020029,新北市三重區,中民里,313,0,192,519,0,101,510,0,91
111,65000020030,新北市三重區,平和里,386,0,321,634,0,155,615,0,166
111,65000020031,新北市三重區,大安里,417,0,268,695,0,139,696,0,129
111,65000020032,新北市三重區,仁德里,472,0,426,749,0,197,764,0,229
111,65000020033,新北市三重區,忠孝里,462,0,307,723,0,150,794,0,157
111,65000020034,新北市三重區,仁義里,337,0,269,566,0,132,573,0,137
111,65000020035,新北市三重區,光榮里,320,0,362,508,0,183,544,0,179
111,65000020036,新北市三重區,光輝里,379,0,249,604,0,133,634,0,116
111,65000020037,新北市三重區,福星里,295,0,322,419,0,147,455,0,175
111,65000020038,新北市三重區,福利里,576,0,477,845,0,195,948,0,282
111,65000020039,新北市三重區,清和里,999,0,961,1476,0,438,1613,0,523
111,65000020040,新北市三重區,永興里,362,0,414,501,0,185,581,0,229
111,65000020041,新北市三重區,中山里,687,0,521,1075,0,267,1127,0,254
111,65000020042,新北市三重區,大園里,704,0,471,1185,0,220,1167,0,251
111,65000020043,新北市三重區,國隆里,686,0,450,1099,0,200,1115,0,250
111,65000020044,新北市三重區,重陽里,882,0,537,1453,0,269,1517,0,268
111,65000020045,新北市三重區,民生里,1107,0,672,1802,0,343,1866,0,329
111,65000020046,新北市三重區,重新里,380,0,292,591,0,142,632,0,150
111,65000020047,新北市三重區,正德里,277,0,231,438,0,118,445,0,113
111,65000020048,新北市三重區,正義里,446,0,319,764,0,152,739,0,167
111,65000020049,新北市三重區,正安里,473,0,371,768,0,185,816,0,186
111,65000020050,新北市三重區,自強里,453,0,319,725,0,150,787,0,169
111,65000020051,新北市三重區,文化里,569,0,372,916,0,191,929,0,181
111,65000020052,新北市三重區,中央里,479,0,409,724,0,197,794,0,212
111,65000020053,新北市三重區,雙園里,223,0,190,361,0,97,395,0,93
111,65000020054,新北市三重區,錦通里,360,0,281,558,0,139,588,0,142
111,65000020055,新北市三重區,錦安里,459,0,311,706,0,147,776,0,164
111,65000020056,新北市三重區,長安里,527,0,362,846,0,180,884,0,182
111,65000020057,新北市三重區,光華里,570,0,572,842,0,246,900,0,326
111,65000020058,新北市三重區,長生里,210,0,176,347,0,83,364,0,93
111,65000020059,新北市三重區,開元里,417,0,398,627,0,205,632,0,193
111,65000020060,新北市三重區,大德里,208,0,155,325,0,68,355,0,87
111,65000020061,新北市三重區,長元里,616,0,431,1032,0,222,985,0,209
111,65000020062,新北市三重區,長江里,488,0,381,784,0,186,818,0,195
111,65000020063,新北市三重區,長泰里,565,0,380,889,0,207,932,0,173
111,65000020064,新北市三重區,長福里,404,0,266,622,0,120,695,0,146
111,65000020065,新北市三重區,介壽里,286,0,224,466,0,115,478,0,109
111,65000020066,新北市三重區,萬壽里,517,0,305,821,0,149,857,0,156
111,65000020067,新北市三重區,錦江里,582,0,367,985,0,175,967,0,192
111,65000020068,新北市三重區,龍濱里,840,0,467,1386,0,225,1438,0,242
111,65000020069,新北市三重區,龍門里,471,0,324,782,0,154,806,0,170
111,65000020070,新北市三重區,秀江里,310,0,194,510,0,105,555,0,89
111,65000020071,新北市三重區,奕壽里,408,0,364,658,0,149,671,0,215
111,65000020072,新北市三重區,三安里,634,0,592,998,0,273,1040,0,319
111,65000020073,新北市三重區,福安里,755,0,502,1212,0,246,1270,0,256
111,65000020074,新北市三重區,信安里,524,0,404,775,0,204,865,0,200
111,65000020075,新北市三重區,安慶里,521,0,381,794,0,175,877,0,206
111,65000020076,新北市三重區,幸福里,1171,0,747,1912,0,345,1957,0,402
111,65000020077,新北市三重區,六合里,948,0,591,1603,0,299,1606,0,292
111,65000020078,新北市三重區,六福里,1528,0,556,2630,0,269,2708,0,287
111,65000020079,新北市三重區,順德里,543,0,356,958,0,185,931,0,171
111,65000020080,新北市三重區,承德里,444,0,214,788,0,104,774,0,110
111,65000020081,新北市三重區,瑞德里,596,0,347,1037,0,178,1073,0,169
111,65000020082,新北市三重區,崇德里,1001,0,590,1682,0,300,1679,0,290
111,65000020083,新北市三重區,厚德里,912,0,508,1521,0,247,1539,0,261
111,65000020084,新北市三重區,維德里,764,0,384,1254,0,175,1257,0,209
111,65000020085,新北市三重區,尚德里,776,0,453,1242,0,208,1358,0,245
111,65000020086,新北市三重區,培德里,977,0,449,1608,0,224,1724,0,225
111,65000020087,新北市三重區,永德里,1282,0,631,2122,0,326,2212,0,305
111,65000020088,新北市三重區,永盛里,827,0,401,1395,0,192,1473,0,209
111,65000020089,新北市三重區,永福里,1380,0,634,2263,0,317,2464,0,317
111,65000020090,新北市三重區,永清里,1388,0,611,2344,0,292,2498,0,319
111,65000020091,新北市三重區,永安里,1099,0,431,1831,0,202,1931,0,229
111,65000020092,新北市三重區,永煇里,637,0,338,1079,0,179,1051,0,159
111,65000020093,新北市三重區,溪美里,2297,0,1369,3693,0,652,3907,0,717
111,65000020094,新北市三重區,福隆里,1193,0,638,1911,0,326,2051,0,312
111,65000020095,新北市三重區,五常里,1334,0,829,2205,0,407,2344,0,422
111,65000020096,新北市三重區,五福里,1021,0,654,1603,0,313,1722,0,341
111,65000020097,新北市三重區,仁忠里,805,0,484,1347,0,247,1419,0,237
111,65000020098,新北市三重區,慈福里,603,0,349,949,0,176,958,0,173
111,65000020099,新北市三重區,慈生里,551,0,322,925,0,158,961,0,164
111,65000020100,新北市三重區,慈惠里,563,0,371,939,0,181,940,0,190
111,65000020101,新北市三重區,慈愛里,863,0,496,1444,0,258,1531,0,238
111,65000020102,新北市三重區,慈化里,650,0,305,1098,0,150,1173,0,155
111,65000020103,新北市三重區,慈祐里,1308,0,657,2221,0,334,2312,0,323
111,65000020104,新北市三重區,五華里,1372,0,767,2176,0,363,2361,0,404
111,65000020105,新北市三重區,富貴里,1760,0,1297,2718,0,607,2957,0,690
111,65000020106,新北市三重區,富華里,898,0,499,1470,0,248,1473,0,251
111,65000020107,新北市三重區,富福里,552,0,266,895,0,133,1009,0,133
111,65000020108,新北市三重區,碧華里,2299,0,1687,3538,0,808,3834,0,879
111,65000020109,新北市三重區,五谷里,463,0,395,752,0,196,728,0,199
111,65000020110,新北市三重區,博愛里,1177,0,479,1970,0,227,2116,0,252
111,65000020111,新北市三重區,福德里,1033,0,791,1608,0,383,1809,0,408
111,65000020112,新北市三重區,永吉里,780,0,384,1228,0,180,1319,0,204
111,65000020113,新北市三重區,永發里,1540,0,670,2617,0,337,2646,0,333
111,65000020114,新北市三重區,永順里,1368,0,535,2258,0,254,2429,0,281
111,65000020115,新北市三重區,永豐里,1549,0,586,2608,0,279,2786,0,307
111,65000020116,新北市三重區,立德里,865,0,467,1449,0,221,1500,0,246
111,65000020117,新北市三重區,福樂里,968,0,565,1593,0,275,1655,0,290
111,65000020118,新北市三重區,仁華里,1151,0,644,1870,0,308,2005,0,336
111,65000020119,新北市三重區,五順里,1053,0,470,1751,0,231,1806,0,239
111,65000030001,新北市中和區,中原里,2325,0,2171,3448,0,1051,3698,0,1120
111,65000030002,新北市中和區,平河里,2391,0,1448,3733,0,648,4031,0,800
111,65000030003,新北市中和區,信和里,1116,0,524,1838,0,248,1868,0,276
111,65000030004,新北市中和區,仁和里,1004,0,443,1684,0,224,1735,0,219
111,65000030005,新北市中和區,中正里,1004,0,521,1622,0,238,1730,0,283
111,65000030006,新北市中和區,建和里,891,0,543,1419,0,240,1504,0,303
111,65000030007,新北市中和區,連和里,573,0,690,801,0,284,907,0,406
111,65000030008,新北市中和區,連城里,1686,0,982,2617,0,439,2848,0,543
111,65000030009,新北市中和區,力行里,1625,0,832,2525,0,365,2726,0,467
111,65000030010,新北市中和區,枋寮里,958,0,580,1547,0,253,1563,0,327
111,65000030011,新北市中和區,漳和里,979,0,774,1496,0,378,1614,0,396
111,65000030012,新北市中和區,廟美里,1149,0,631,1827,0,301,1946,0,330
111,65000030013,新北市中和區,福真里,1048,0,687,1661,0,320,1725,0,367
111,65000030014,新北市中和區,福善里,1095,0,764,1688,0,309,1796,0,455
111,65000030015,新北市中和區,福美里,1136,0,575,1811,0,285,1947,0,290
111,65000030016,新北市中和區,福祥里,1298,0,798,2064,0,358,2156,0,440
111,65000030017,新北市中和區,瓦󿾨里,1413,0,907,2219,0,420,2379,0,487
111,65000030018,新北市中和區,福和里,948,0,539,1475,0,262,1543,0,277
111,65000030019,新北市中和區,佳和里,1278,0,940,1953,0,397,2056,0,543
111,65000030020,新北市中和區,安樂里,913,0,708,1319,0,317,1494,0,391
111,65000030021,新北市中和區,安和里,804,0,591,1184,0,256,1276,0,335
111,65000030022,新北市中和區,安平里,1487,0,1217,2172,0,541,2358,0,676
111,65000030023,新北市中和區,中安里,1103,0,1007,1563,0,423,1743,0,584
111,65000030024,新北市中和區,泰安里,885,0,545,1291,0,264,1472,0,281
111,65000030025,新北市中和區,新南里,2096,0,1452,3082,0,582,3500,0,870
111,65000030026,新北市中和區,南山里,1367,0,866,2082,0,392,2172,0,474
111,65000030027,新北市中和區,秀山里,1208,0,626,1853,0,284,2037,0,342
111,65000030028,新北市中和區,秀成里,924,0,429,1467,0,195,1517,0,234
111,65000030029,新北市中和區,秀福里,1259,0,751,1925,0,359,2069,0,392
111,65000030030,新北市中和區,秀景里,1658,0,1251,2483,0,566,2642,0,685
111,65000030031,新北市中和區,秀明里,1227,0,1159,1762,0,473,2035,0,686
111,65000030032,新北市中和區,秀峰里,1224,0,1206,1688,0,530,1902,0,676
111,65000030033,新北市中和區,秀仁里,895,0,582,1336,0,287,1480,0,295
111,65000030034,新北市中和區,頂南里,751,0,355,1217,0,165,1272,0,190
111,65000030035,新北市中和區,華新里,2088,1,1248,3273,1,538,3450,0,710
111,65000030036,新北市中和區,東南里,1092,0,660,1664,0,307,1798,0,353
111,65000030037,新北市中和區,華南里,1324,0,762,2124,0,347,2108,0,415
111,65000030038,新北市中和區,忠孝里,1172,0,659,1898,0,320,2001,0,339
111,65000030039,新北市中和區,崇南里,1101,0,867,1660,0,380,1750,0,487
111,65000030040,新北市中和區,景南里,814,0,484,1238,0,231,1342,0,253
111,65000030041,新北市中和區,橫路里,72,0,49,135,0,30,139,0,19
111,65000030042,新北市中和區,內南里,1247,0,599,2167,0,301,2163,0,298
111,65000030043,新北市中和區,壽南里,632,0,433,1031,0,213,1053,0,220
111,65000030044,新北市中和區,外南里,1482,0,2833,2207,0,1900,2291,0,933
111,65000030045,新北市中和區,復興里,1266,0,780,1978,0,325,2230,0,455
111,65000030046,新北市中和區,和興里,1142,0,814,1729,0,343,1882,0,471
111,65000030047,新北市中和區,景平里,1427,0,1344,2030,0,560,2317,0,784
111,65000030048,新北市中和區,景新里,896,0,606,1392,0,257,1503,0,349
111,65000030049,新北市中和區,景福里,1447,0,1254,2147,0,545,2338,0,709
111,65000030050,新北市中和區,景安里,1276,0,841,1914,0,415,2054,0,426
111,65000030051,新北市中和區,景文里,1034,0,733,1576,0,314,1688,0,419
111,65000030052,新北市中和區,錦和里,1474,0,576,2447,0,287,2539,0,289
111,65000030053,新北市中和區,錦昌里,604,0,408,997,0,183,940,0,225
111,65000030054,新北市中和區,灰󿾨里,176,0,77,371,0,49,346,0,28
111,65000030055,新北市中和區,積穗里,2116,0,1386,3335,0,653,3538,0,733
111,65000030056,新北市中和區,民享里,632,0,284,1052,0,124,1076,0,160
111,65000030057,新北市中和區,員山里,1847,0,1018,2913,0,436,2998,0,582
111,65000030058,新北市中和區,嘉穗里,720,0,339,1251,0,166,1283,0,173
111,65000030059,新北市中和區,文元里,1320,0,702,2188,0,315,2252,0,387
111,65000030060,新北市中和區,嘉新里,1008,0,474,1761,0,222,1799,0,252
111,65000030061,新北市中和區,民安里,1412,0,645,2260,0,341,2373,0,304
111,65000030062,新北市中和區,安穗里,1194,0,647,1880,0,300,2026,0,347
111,65000030063,新北市中和區,瑞穗里,626,0,375,948,0,166,1099,0,209
111,65000030064,新北市中和區,明穗里,1148,0,521,1994,0,275,1987,0,246
111,65000030065,新北市中和區,清穗里,818,0,456,1346,0,226,1360,0,230
111,65000030066,新北市中和區,自強里,1289,0,621,2131,0,303,2222,0,318
111,65000030067,新北市中和區,德穗里,1185,1,672,1876,0,317,2015,2,355
111,65000030068,新北市中和區,民生里,1092,0,664,1657,0,320,1797,0,344
111,65000030069,新北市中和區,國光里,1007,0,503,1614,0,251,1683,0,252
111,65000030070,新北市中和區,壽德里,1196,0,648,1907,0,282,2040,0,366
111,65000030071,新北市中和區,明德里,1036,0,521,1691,0,265,1816,0,256
111,65000030072,新北市中和區,秀水里,960,0,642,1500,0,301,1644,0,341
111,65000030073,新北市中和區,德行里,1767,0,1070,2678,0,460,2945,0,610
111,65000030074,新北市中和區,宜安里,490,0,416,748,0,196,790,0,220
111,65000030075,新北市中和區,安順里,1107,0,844,1618,0,371,1780,0,473
111,65000030076,新北市中和區,秀義里,699,0,409,1119,0,201,1155,0,208
111,65000030077,新北市中和區,秀士里,641,0,451,978,0,201,1061,0,250
111,65000030078,新北市中和區,興南里,749,0,502,1205,0,254,1285,0,248
111,65000030079,新北市中和區,景本里,532,0,344,826,0,167,880,0,177
111,65000030080,新北市中和區,福南里,1082,0,490,1748,0,245,1888,0,245
111,65000030081,新北市中和區,中興里,1814,0,983,2874,0,423,3016,0,560
111,65000030082,新北市中和區,吉興里,793,0,543,1139,0,231,1333,0,312
111,65000030083,新北市中和區,中山里,699,0,395,1136,0,157,1183,0,238
111,65000030084,新北市中和區,碧河里,1353,0,965,2143,0,446,2211,0,519
111,65000030085,新北市中和區,錦中里,1099,0,519,1841,0,233,1898,0,286
111,65000030086,新北市中和區,錦盛里,1008,0,464,1650,0,242,1707,0,222
111,65000030087,新北市中和區,民有里,711,0,412,1121,0,205,1164,0,207
111,65000030088,新北市中和區,員富里,937,0,598,1564,0,313,1575,0,285
111,65000030089,新北市中和區,嘉慶里,1134,0,551,1866,0,274,1940,0,277
111,65000030090,新北市中和區,冠穗里,853,0,427,1402,0,208,1414,0,219
111,65000030091,新北市中和區,國華里,869,0,500,1460,0,240,1478,0,260
111,65000030092,新北市中和區,正南里,872,0,500,1481,0,243,1429,0,257
111,65000030093,新北市中和區,正行里,764,1,494,1128,8,211,1305,5,283
111,65000040001,新北市永和區,福林里,871,0,538,1305,0,251,1441,0,287
111,65000040002,新北市永和區,文化里,695,0,509,1075,0,244,1161,0,265
111,65000040003,新北市永和區,豫溪里,1032,0,1704,1449,0,1008,1588,0,696
111,65000040004,新北市永和區,光明里,767,0,513,1105,0,210,1276,0,303
111,65000040005,新北市永和區,仁愛里,691,0,484,1049,0,233,1138,0,251
111,65000040006,新北市永和區,永貞里,859,0,548,1284,0,253,1444,0,295
111,65000040007,新北市永和區,永福里,715,0,401,1103,0,181,1185,0,220
111,65000040008,新北市永和區,民治里,762,0,473,1085,0,196,1323,0,277
111,65000040009,新北市永和區,永成里,214,0,205,366,0,89,370,0,116
111,65000040010,新北市永和區,忠義里,182,0,114,323,0,49,312,0,65
111,65000040011,新北市永和區,永元里,1228,0,688,1905,0,305,2131,0,383
111,65000040012,新北市永和區,秀林里,1090,0,593,1684,0,300,1849,0,293
111,65000040013,新北市永和區,保安里,1866,0,1039,2894,0,439,3069,0,600
111,65000040014,新北市永和區,中溪里,1310,0,775,2100,0,366,2110,0,409
111,65000040015,新北市永和區,永安里,1109,0,703,1652,0,275,1801,0,428
111,65000040016,新北市永和區,民族里,1233,0,622,1946,0,276,2117,0,346
111,65000040017,新北市永和區,民權里,1219,0,510,1916,0,209,2085,0,301
111,65000040018,新北市永和區,中興里,828,0,663,1181,0,276,1361,0,387
111,65000040019,新北市永和區,勵行里,274,0,303,439,0,127,476,0,176
111,65000040020,新北市永和區,秀朗里,1023,0,538,1650,0,252,1713,0,286
111,65000040021,新北市永和區,秀成里,726,0,452,1169,0,223,1205,0,229
111,65000040022,新北市永和區,上溪里,424,0,472,627,0,201,718,0,271
111,65000040023,新北市永和區,竹林里,945,0,593,1455,0,268,1558,0,325
111,65000040024,新北市永和區,雙和里,1003,0,695,1497,0,284,1742,0,411
111,65000040025,新北市永和區,安和里,954,0,757,1401,0,316,1589,0,441
111,65000040026,新北市永和區,水源里,1027,0,592,1563,0,284,1709,0,308
111,65000040027,新北市永和區,協和里,728,0,550,1140,0,244,1196,0,306
111,65000040028,新北市永和區,河堤里,878,0,690,1295,0,313,1431,0,377
111,65000040029,新北市永和區,頂溪里,640,0,433,947,0,199,1073,0,234
111,65000040030,新北市永和區,潭墘里,1184,0,734,1763,0,287,2014,0,447
111,65000040031,新北市永和區,潭安里,1264,0,733,1938,0,340,2084,0,393
111,65000040032,新北市永和區,大新里,661,0,536,958,0,210,1094,0,326
111,65000040033,新北市永和區,保平里,1249,0,748,1989,0,347,2112,0,401
111,65000040034,新北市永和區,民本里,1092,0,532,1714,0,226,1878,0,306
111,65000040035,新北市永和區,民樂里,1215,0,718,1905,0,343,2013,0,375
111,65000040036,新北市永和區,光復里,435,0,344,636,0,139,711,0,205
111,65000040037,新北市永和區,復興里,610,0,414,946,0,189,1027,0,225
111,65000040038,新北市永和區,福和里,1352,0,941,1979,0,425,2182,0,516
111,65000040039,新北市永和區,得和里,1129,0,681,1656,0,304,1858,0,377
111,65000040040,新北市永和區,智光里,844,0,530,1335,0,240,1437,0,290
111,65000040041,新北市永和區,新生里,247,0,222,362,0,112,393,0,110
111,65000040042,新北市永和區,大同里,263,0,247,386,0,123,424,0,124
111,65000040043,新北市永和區,前溪里,524,0,460,769,0,216,893,0,244
111,65000040044,新北市永和區,和平里,1287,0,784,1958,0,353,2136,0,431
111,65000040045,新北市永和區,新廍里,541,0,432,831,0,212,866,0,220
111,65000040046,新北市永和區,下溪里,1190,0,826,1839,0,395,2007,0,431
111,65000040047,新北市永和區,秀和里,1317,0,715,1970,0,327,2176,0,388
111,65000040048,新北市永和區,河濱里,855,0,481,1331,0,223,1399,0,258
111,65000040049,新北市永和區,民生里,1080,0,460,1683,0,206,1891,0,254
111,65000040050,新北市永和區,秀得里,698,0,367,1139,0,147,1198,0,220
111,65000040051,新北市永和區,上林里,894,0,578,1382,0,269,1465,0,309
111,65000040052,新北市永和區,網溪里,293,0,206,475,0,94,473,0,112
111,65000040053,新北市永和區,正興里,544,0,475,786,0,195,881,0,280
111,65000040054,新北市永和區,永興里,803,0,495,1267,0,234,1388,0,261
111,65000040055,新北市永和區,桂林里,978,0,556,1535,0,267,1634,0,289
111,65000040056,新北市永和區,店街里,1077,0,787,1540,0,310,1782,0,477
111,65000040057,新北市永和區,信義里,630,0,593,895,0,259,1040,0,334
111,65000040058,新北市永和區,後溪里,513,0,366,790,0,170,806,0,196
111,65000040059,新北市永和區,民富里,796,0,329,1311,0,150,1346,0,179
111,65000040060,新北市永和區,秀元里,836,0,396,1289,0,170,1434,0,226
111,65000040061,新北市永和區,永樂里,618,0,469,868,0,178,1012,0,291
111,65000040062,新北市永和區,保順里,2911,0,1714,4310,0,738,4779,0,976
111,65000050001,新北市新莊區,海山里,1435,0,755,2300,0,367,2429,0,388
111,65000050002,新北市新莊區,頭前里,2678,0,2370,4080,0,1132,4333,0,1238
111,65000050003,新北市新莊區,國泰里,334,0,173,591,0,95,601,0,78
111,65000050004,新北市新莊區,全安里,1160,0,659,1851,0,283,2031,0,376
111,65000050005,新北市新莊區,福基里,1355,0,1176,2132,0,582,2222,0,594
111,65000050006,新北市新莊區,豐年里,966,0,429,1616,0,221,1680,0,208
111,65000050007,新北市新莊區,忠孝里,1377,0,885,2112,0,399,2218,0,486
111,65000050008,新北市新莊區,恆安里,1178,0,506,1936,0,251,2078,0,255
111,65000050009,新北市新莊區,後港里,1879,0,724,3121,0,351,3270,0,373
111,65000050010,新北市新莊區,文衡里,563,0,311,939,0,138,948,0,173
111,65000050011,新北市新莊區,中美里,1673,0,826,2662,0,389,2867,0,437
111,65000050012,新北市新莊區,八德里,826,0,386,1314,0,183,1410,0,203
111,65000050013,新北市新莊區,興漢里,841,0,529,1348,0,245,1430,0,284
111,65000050014,新北市新莊區,中和里,1191,0,522,1973,0,257,2084,0,265
111,65000050015,新北市新莊區,西盛里,3554,0,1855,5858,0,910,6072,0,945
111,65000050016,新北市新莊區,榮和里,1153,0,2321,1750,0,1608,1726,0,713
111,65000050017,新北市新莊區,中泰里,1151,0,628,1903,0,300,1954,0,328
111,65000050018,新北市新莊區,瓊林里,1278,0,571,2303,0,327,2273,0,244
111,65000050019,新北市新莊區,文德里,480,0,273,760,0,133,800,0,140
111,65000050020,新北市新莊區,中誠里,596,0,280,944,0,138,980,0,142
111,65000050021,新北市新莊區,裕民里,1863,0,783,3122,0,377,3185,0,406
111,65000050022,新北市新莊區,文明里,420,0,242,732,0,113,761,0,129
111,65000050023,新北市新莊區,中港里,1709,0,538,2877,0,261,3094,0,277
111,65000050024,新北市新莊區,富國里,593,0,316,988,0,154,998,0,162
111,65000050025,新北市新莊區,思源里,1422,0,694,2320,0,327,2424,0,367
111,65000050026,新北市新莊區,立人里,524,0,241,865,0,106,893,0,135
111,65000050027,新北市新莊區,南港里,1386,0,604,2241,0,293,2360,0,311
111,65000050028,新北市新莊區,仁愛里,672,0,379,1086,0,191,1167,0,188
111,65000050029,新北市新莊區,立德里,655,0,342,1083,0,156,1118,0,186
111,65000050030,新北市新莊區,信義里,1384,0,715,2235,0,343,2459,0,372
111,65000050031,新北市新莊區,立言里,1328,0,552,2142,0,261,2349,0,291
111,65000050032,新北市新莊區,民安里,1626,0,544,2732,0,271,2941,0,273
111,65000050033,新北市新莊區,和平里,1275,0,523,2124,0,255,2227,0,268
111,65000050034,新北市新莊區,立功里,952,0,472,1530,0,230,1641,0,242
111,65000050035,新北市新莊區,民本里,783,0,368,1325,0,184,1348,0,184
111,65000050036,新北市新莊區,化成里,969,0,648,1642,0,332,1679,0,316
111,65000050037,新北市新莊區,立志里,1017,0,514,1634,0,263,1773,0,251
111,65000050038,新北市新莊區,光華里,1967,0,766,3326,0,402,3460,0,364
111,65000050039,新北市新莊區,思賢里,1098,0,519,1854,0,261,1934,0,258
111,65000050040,新北市新莊區,營盤里,413,0,297,726,0,148,687,0,149
111,65000050041,新北市新莊區,光榮里,1229,0,374,2125,0,184,2227,0,190
111,65000050042,新北市新莊區,自強里,672,0,437,1077,0,204,1066,0,233
111,65000050043,新北市新莊區,丹鳳里,2478,0,1139,3945,0,553,4239,0,586
111,65000050044,新北市新莊區,光明里,1336,0,414,2316,0,201,2417,0,213
111,65000050045,新北市新莊區,自立里,1403,0,783,2246,0,332,2362,0,451
111,65000050046,新北市新莊區,合鳳里,1160,0,557,2025,0,264,2027,0,293
111,65000050047,新北市新莊區,幸福里,1125,0,536,1839,0,248,2021,0,288
111,65000050048,新北市新莊區,雙鳳里,3312,1,1569,5437,10,761,5624,6,808
111,65000050049,新北市新莊區,自信里,624,0,350,996,0,165,1098,0,185
111,65000050050,新北市新莊區,龍鳳里,2935,0,1519,4490,0,650,4969,0,869
111,65000050051,新北市新莊區,中華里,759,0,449,1208,0,213,1238,0,236
111,65000050052,新北市新莊區,中隆里,1472,0,813,2346,0,386,2511,0,427
111,65000050053,新北市新莊區,中原里,3801,0,2384,5886,0,1066,6385,0,1318
111,65000050054,新北市新莊區,中信里,2412,0,788,4048,0,364,4252,0,424
111,65000050055,新北市新莊區,四維里,1231,0,645,1990,0,291,2154,0,354
111,65000050056,新北市新莊區,建福里,659,0,237,1111,0,111,1112,0,126
111,65000050057,新北市新莊區,中宏里,976,0,428,1589,0,222,1682,0,206
111,65000050058,新北市新莊區,中全里,908,0,412,1564,0,208,1541,0,204
111,65000050059,新北市新莊區,立泰里,1338,0,643,2173,0,297,2323,0,346
111,65000050060,新北市新莊區,全泰里,1315,0,600,2143,0,268,2226,0,332
111,65000050061,新北市新莊區,仁義里,944,0,474,1603,0,242,1613,0,232
111,65000050062,新北市新莊區,立基里,1624,0,728,2660,0,334,2756,0,394
111,65000050063,新北市新莊區,昌明里,944,0,390,1592,0,182,1602,0,208
111,65000050064,新北市新莊區,昌平里,2423,0,1947,3514,0,881,3933,0,1066
111,65000050065,新北市新莊區,文聖里,876,0,526,1364,0,244,1540,0,282
111,65000050066,新北市新莊區,萬安里,984,0,522,1585,0,236,1669,0,286
111,65000050067,新北市新莊區,龍安里,608,0,252,1027,0,115,1051,0,137
111,65000050068,新北市新莊區,福營里,575,0,471,932,0,252,972,0,219
111,65000050069,新北市新莊區,後德里,793,0,308,1381,0,163,1356,0,145
111,65000050070,新北市新莊區,建安里,1824,0,747,2944,0,358,3170,0,389
111,65000050071,新北市新莊區,成德里,1356,0,494,2277,0,240,2384,0,254
111,65000050072,新北市新莊區,福興里,1583,0,717,2731,0,393,2767,0,324
111,65000050073,新北市新莊區,昌信里,1086,0,381,1708,0,189,1845,0,192
111,65000050074,新北市新莊區,昌隆里,1197,0,510,1896,0,217,2082,0,293
111,65000050075,新北市新莊區,中平里,2752,0,1141,4270,0,434,4734,0,707
111,65000050076,新北市新莊區,立廷里,3660,0,1559,5617,0,700,6232,0,859
111,65000050077,新北市新莊區,泰豐里,644,0,422,1040,0,213,1106,0,209
111,65000050078,新北市新莊區,富民里,1030,0,494,1672,0,208,1737,0,286
111,65000050079,新北市新莊區,龍福里,591,0,278,951,0,127,1022,0,151
111,65000050080,新北市新莊區,祥鳳里,674,0,266,1116,0,132,1165,0,134
111,65000050081,新北市新莊區,民全里,989,0,385,1687,0,200,1739,0,185
111,65000050082,新北市新莊區,民有里,1077,0,488,1701,0,226,1868,0,262
111,65000050083,新北市新莊區,光正里,1205,0,395,2104,0,194,2167,0,201
111,65000050084,新北市新莊區,光和里,755,0,216,1281,0,103,1354,0,113
111,65000060001,新北市新店區,國豐里,760,0,601,1147,0,261,1305,0,340
111,65000060002,新北市新店區,明德里,1014,0,768,1535,0,326,1605,0,442
111,65000060003,新北市新店區,大豐里,920,0,658,1362,0,282,1504,0,376
111,65000060004,新北市新店區,大同里,975,0,766,1490,0,347,1526,0,419
111,65000060005,新北市新店區,江陵里,1425,1,927,2113,0,409,2353,1,518
111,65000060006,新北市新店區,寶興里,1371,0,1254,2004,0,548,2180,0,706
111,65000060007,新北市新店區,寶安里,1299,0,1273,1873,0,517,2073,0,756
111,65000060008,新北市新店區,信義里,1617,0,1537,2313,0,716,2537,0,821
111,65000060009,新北市新店區,忠孝里,682,0,635,973,0,305,1095,0,330
111,65000060010,新北市新店區,大鵬里,694,0,563,999,0,268,1091,0,295
111,65000060011,新北市新店區,太平里,779,0,650,1156,0,284,1271,0,366
111,65000060012,新北市新店區,頂城里,380,1,307,660,1,188,645,3,119
111,65000060013,新北市新店區,下城里,820,0,601,1375,0,336,1404,0,265
111,65000060014,新北市新店區,柴埕里,2436,0,1338,3936,0,609,4131,0,729
111,65000060015,新北市新店區,永安里,1320,0,688,2165,0,325,2289,0,363
111,65000060016,新北市新店區,公崙里,3678,1,1993,5795,0,923,6189,1,1070
111,65000060017,新北市新店區,德安里,1569,0,747,2683,0,352,2686,0,395
111,65000060018,新北市新店區,雙城里,1475,1,766,2570,2,391,2513,0,375
111,65000060019,新北市新店區,日興里,1522,0,778,2530,0,395,2524,0,383
111,65000060020,新北市新店區,玫瑰里,1643,0,705,2582,0,315,2740,0,390
111,65000060021,新北市新店區,塗潭里,239,0,127,481,0,66,431,0,61
111,65000060022,新北市新店區,美潭里,1352,0,809,2153,0,400,2291,0,409
111,65000060023,新北市新店區,員潭里,1333,1,989,2132,6,483,2186,4,506
111,65000060024,新北市新店區,雙坑里,179,0,129,360,0,83,312,0,46
111,65000060025,新北市新店區,粗坑里,786,0,565,1216,0,273,1309,0,292
111,65000060026,新北市新店區,屈尺里,564,1,385,951,90,207,1013,47,178
111,65000060027,新北市新店區,龜山里,398,0,323,663,0,176,702,0,147
111,65000060028,新北市新店區,廣興里,314,0,282,571,0,177,506,0,105
111,65000060029,新北市新店區,直潭里,318,0,179,585,0,102,531,0,77
111,65000060030,新北市新店區,青潭里,1447,0,887,2229,0,412,2377,0,475
111,65000060031,新北市新店區,新店里,438,0,388,703,0,184,694,0,204
111,65000060032,新北市新店區,張南里,557,0,759,726,0,304,880,0,455
111,65000060033,新北市新店區,國校里,679,0,450,1078,0,201,1074,0,249
111,65000060034,新北市新店區,文中里,443,0,401,712,0,170,707,0,231
111,65000060035,新北市新店區,廣明里,198,0,203,287,0,102,313,0,101
111,65000060036,新北市新店區,文明里,624,0,456,962,0,191,1023,0,265
111,65000060037,新北市新店區,中興里,1660,0,2601,2368,0,1543,2525,0,1058
111,65000060038,新北市新店區,新生里,1439,0,1130,2143,0,490,2367,0,640
111,65000060039,新北市新店區,新德里,678,0,589,983,0,247,1085,0,342
111,65000060040,新北市新店區,張北里,2400,1,1804,3624,2,758,3883,2,1046
111,65000060041,新北市新店區,五峯里,1985,0,1501,2889,0,646,3283,0,855
111,65000060042,新北市新店區,新安里,977,0,1010,1437,0,421,1599,0,589
111,65000060043,新北市新店區,忠誠里,628,0,451,976,0,193,988,0,258
111,65000060044,新北市新店區,中正里,1586,0,1036,2333,0,445,2665,0,591
111,65000060045,新北市新店區,中華里,1190,0,870,1731,0,382,1883,0,488
111,65000060046,新北市新店區,仁愛里,503,0,451,741,0,201,815,0,250
111,65000060047,新北市新店區,百忍里,983,0,623,1440,0,258,1652,0,365
111,65000060048,新北市新店區,百和里,813,0,576,1291,0,235,1330,0,341
111,65000060049,新北市新店區,福德里,996,0,629,1495,0,265,1695,0,364
111,65000060050,新北市新店區,百福里,963,0,708,1416,0,300,1576,0,408
111,65000060051,新北市新店區,福民里,1101,0,771,1564,0,334,1772,0,437
111,65000060052,新北市新店區,中山里,1487,0,1590,1997,0,662,2302,0,928
111,65000060053,新北市新店區,和平里,421,0,380,623,0,171,634,0,209
111,65000060054,新北市新店區,中央里,1533,0,1197,2138,0,548,2464,0,649
111,65000060055,新北市新店區,明城里,919,0,477,1453,0,229,1540,0,248
111,65000060056,新北市新店區,安和里,2173,0,1203,3399,0,575,3583,0,628
111,65000060057,新北市新店區,吉祥里,1224,0,583,1940,0,260,2126,0,323
111,65000060058,新北市新店區,寶福里,1867,0,1386,2891,0,613,2963,0,773
111,65000060059,新北市新店區,小城里,985,0,461,1583,0,227,1697,0,234
111,65000060060,新北市新店區,香坡里,3123,0,2139,4703,0,1014,4897,0,1125
111,65000060061,新北市新店區,建國里,786,0,558,1138,0,249,1321,0,309
111,65000060062,新北市新店區,復興里,818,1,648,1231,3,303,1367,0,345
111,65000060063,新北市新店區,美城里,726,0,378,1139,0,193,1197,0,185
111,65000060064,新北市新店區,安昌里,1528,0,933,2216,0,410,2471,0,523
111,65000060065,新北市新店區,長春里,679,0,466,940,0,211,1098,0,255
111,65000060066,新北市新店區,新和里,1088,0,680,1655,0,286,1800,0,394
111,65000060067,新北市新店區,永平里,1498,1,675,2448,6,313,2581,5,362
111,65000060068,新北市新店區,達觀里,1048,0,1005,1404,0,448,1623,0,557
111,65000060069,新北市新店區,華城里,738,0,628,1017,0,295,1189,0,333
111,65000070001,新北市樹林區,三多里,1034,0,428,1866,0,219,1799,0,209
111,65000070002,新北市樹林區,三福里,1055,0,471,1803,0,226,1812,0,245
111,65000070003,新北市樹林區,三興里,1245,1,540,2161,4,311,2138,1,229
111,65000070004,新北市樹林區,圳安里,971,0,377,1657,0,194,1693,0,183
111,65000070005,新北市樹林區,保安里,1573,0,772,2728,0,389,2769,0,383
111,65000070006,新北市樹林區,潭底里,1136,0,1093,1999,0,730,1892,0,363
111,65000070007,新北市樹林區,󿾵寮里,1298,0,516,2254,0,263,2287,0,253
111,65000070008,新北市樹林區,樹德里,942,0,446,1549,0,211,1601,0,235
111,65000070009,新北市樹林區,樹西里,1323,0,690,2230,0,331,2257,0,359
111,65000070010,新北市樹林區,樹南里,1110,0,451,1873,0,213,1846,0,238
111,65000070011,新北市樹林區,樹人里,876,0,329,1466,0,151,1531,0,178
111,65000070012,新北市樹林區,坡內里,425,1,185,787,3,110,772,5,75
111,65000070013,新北市樹林區,樹東里,272,0,272,440,0,123,465,0,149
111,65000070014,新北市樹林區,大同里,944,0,364,1566,0,165,1687,0,199
111,65000070015,新北市樹林區,和平里,958,0,481,1672,0,247,1758,0,234
111,65000070016,新北市樹林區,彭厝里,1280,0,442,2255,0,220,2303,0,222
111,65000070017,新北市樹林區,彭福里,1497,0,708,2499,0,340,2567,0,368
111,65000070018,新北市樹林區,東山里,802,0,355,1433,0,204,1441,0,151
111,65000070019,新北市樹林區,東陽里,1590,0,655,2736,0,292,2699,0,363
111,65000070020,新北市樹林區,東昇里,1303,0,629,2283,0,295,2263,0,334
111,65000070021,新北市樹林區,樂山里,512,0,275,934,0,146,942,0,129
111,65000070022,新北市樹林區,東園里,414,0,258,767,0,154,703,0,104
111,65000070023,新北市樹林區,西園里,431,0,230,846,0,133,777,0,97
111,65000070024,新北市樹林區,南園里,4289,0,2453,6653,0,1118,7068,0,1335
111,65000070025,新北市樹林區,北園里,521,0,233,1026,0,129,947,0,104
111,65000070026,新北市樹林區,柑園里,2699,0,1675,4252,0,763,4496,0,912
111,65000070027,新北市樹林區,樹北里,236,0,191,354,0,92,376,0,99
111,65000070028,新北市樹林區,圳福里,1140,0,482,1999,0,263,2073,0,219
111,65000070029,新北市樹林區,樹興里,968,0,447,1598,0,232,1710,0,215
111,65000070030,新北市樹林區,樹福里,923,0,532,1470,0,248,1570,0,284
111,65000070031,新北市樹林區,光興里,1075,0,392,1843,0,209,1876,0,183
111,65000070032,新北市樹林區,金寮里,1212,0,452,2061,0,226,2138,0,226
111,65000070033,新北市樹林區,彭興里,1551,0,586,2658,0,299,2683,0,287
111,65000070034,新北市樹林區,文林里,1365,0,550,2288,0,253,2416,0,297
111,65000070035,新北市樹林區,山佳里,1504,0,520,2746,0,281,2732,0,239
111,65000070036,新北市樹林區,中山里,1347,0,631,2557,0,338,2454,0,293
111,65000070037,新北市樹林區,育英里,845,0,450,1383,0,215,1427,0,235
111,65000070038,新北市樹林區,中華里,913,0,331,1524,0,136,1631,0,195
111,65000070039,新北市樹林區,太順里,730,0,212,1321,0,113,1303,0,99
111,65000070040,新北市樹林區,圳民里,726,0,399,1252,0,240,1200,0,159
111,65000070041,新北市樹林區,圳生里,388,0,181,695,0,113,685,0,68
111,65000070042,新北市樹林區,三龍里,520,0,259,934,0,156,906,0,103
111,65000080001,新北市鶯歌區,東鶯里,266,0,153,469,0,72,473,0,81
111,65000080002,新北市鶯歌區,西鶯里,561,0,320,954,0,156,977,0,164
111,65000080003,新北市鶯歌區,南鶯里,1472,0,688,2481,0,335,2603,0,353
111,65000080004,新北市鶯歌區,北鶯里,1111,0,923,1808,0,503,1828,0,420
111,65000080005,新北市鶯歌區,中鶯里,244,0,161,446,0,76,435,0,85
111,65000080006,新北市鶯歌區,建德里,144,0,76,291,0,48,241,0,28
111,65000080007,新北市鶯歌區,同慶里,415,0,207,735,0,98,757,0,109
111,65000080008,新北市鶯歌區,永昌里,2192,0,691,3965,0,344,4056,0,347
111,65000080009,新北市鶯歌區,南靖里,879,0,403,1649,0,207,1554,0,196
111,65000080010,新北市鶯歌區,尖山里,2465,0,1154,4106,0,589,4139,0,565
111,65000080011,新北市鶯歌區,二橋里,2216,0,1003,3969,0,541,3851,0,462
111,65000080012,新北市鶯歌區,二甲里,231,0,117,450,0,70,394,0,47
111,65000080013,新北市鶯歌區,東湖里,59,0,72,108,0,42,94,0,30
111,65000080014,新北市鶯歌區,大湖里,1303,0,634,2216,0,327,2183,0,307
111,65000080015,新北市鶯歌區,鳳鳴里,1704,0,1194,2839,0,605,2933,0,589
111,65000080016,新北市鶯歌區,鳳福里,1194,0,894,1862,0,437,1938,0,457
111,65000080017,新北市鶯歌區,永吉里,1242,0,436,2294,0,219,2344,0,217
111,65000080018,新北市鶯歌區,中湖里,1457,0,600,2669,0,326,2516,0,274
111,65000080019,新北市鶯歌區,鳳祥里,1156,0,507,2033,0,257,1978,0,250
111,65000080020,新北市鶯歌區,建國里,1923,0,834,3250,0,365,3451,0,469
111,65000090001,新北市三峽區,三峽里,69,0,56,142,0,38,117,0,18
111,65000090002,新北市三峽區,秀川里,165,0,117,262,0,60,282,0,57
111,65000090003,新北市三峽區,八張里,1065,0,497,1863,0,230,1850,0,267
111,65000090004,新北市三峽區,中埔里,978,0,438,1631,0,193,1649,0,245
111,65000090005,新北市三峽區,弘道里,279,0,133,566,0,88,458,0,45
111,65000090006,新北市三峽區,永舘里,1939,0,919,3274,0,414,3466,0,505
111,65000090007,新北市三峽區,礁溪里,1629,0,868,2678,0,405,2823,0,463
111,65000090008,新北市三峽區,鳶山里,2590,0,1491,4459,0,742,4538,0,749
111,65000090009,新北市三峽區,龍埔里,2747,0,1405,4583,0,678,4715,0,727
111,65000090010,新北市三峽區,大埔里,1095,1,414,2027,4,224,1735,5,190
111,65000090011,新北市三峽區,嘉添里,488,1,323,958,147,196,871,0,127
111,65000090012,新北市三峽區,添福里,269,0,168,490,0,98,478,0,70
111,65000090013,新北市三峽區,金圳里,118,0,100,237,0,70,169,0,30
111,65000090014,新北市三峽區,五寮里,200,0,154,361,0,102,319,0,52
111,65000090015,新北市三峽區,插角里,155,0,196,272,0,125,201,0,71
111,65000090016,新北市三峽區,有木里,153,0,203,284,0,139,208,0,64
111,65000090017,新北市三峽區,溪北里,567,0,327,1036,0,175,941,0,152
111,65000090018,新北市三峽區,溪南里,352,0,193,728,0,120,597,0,73
111,65000090019,新北市三峽區,溪東里,748,1,338,1370,7,205,1349,35,133
111,65000090020,新北市三峽區,成福里,212,0,106,456,0,59,385,0,47
111,65000090021,新北市三峽區,安坑里,311,0,258,633,0,164,512,0,94
111,65000090022,新北市三峽區,竹崙里,466,0,430,866,0,268,712,0,162
111,65000090023,新北市三峽區,介壽里,1740,0,1133,2945,0,652,2965,0,481
111,65000090024,新北市三峽區,安溪里,1970,0,826,3349,0,391,3453,0,435
111,65000090025,新北市三峽區,中正里,1340,0,488,2486,0,241,2438,0,247
111,65000090026,新北市三峽區,二鬮里,939,0,466,1597,0,255,1624,0,211
111,65000090027,新北市三峽區,龍學里,4567,1,2567,6734,1,1052,7545,0,1515
111,65000090028,新北市三峽區,龍恩里,2024,0,1275,3111,0,584,3388,0,691
111,65000100001,新北市淡水區,中和里,137,0,79,275,0,62,234,0,17
111,65000100002,新北市淡水區,屯山里,236,0,131,491,0,87,468,0,44
111,65000100003,新北市淡水區,賢孝里,377,0,271,706,0,170,632,0,101
111,65000100004,新北市淡水區,興仁里,378,0,291,663,0,175,619,0,116
111,65000100005,新北市淡水區,蕃薯里,275,0,256,467,0,167,390,0,89
111,65000100006,新北市淡水區,義山里,655,1,439,1118,3,260,1042,3,179
111,65000100007,新北市淡水區,忠山里,201,0,164,373,0,111,340,0,53
111,65000100008,新北市淡水區,崁頂里,6133,0,6283,8732,0,3008,9437,0,3275
111,65000100009,新北市淡水區,埤島里,504,0,399,818,0,239,795,0,160
111,65000100010,新北市淡水區,新興里,2021,0,1386,3076,0,563,3403,0,823
111,65000100011,新北市淡水區,水碓里,1513,0,829,2465,0,381,2626,0,448
111,65000100012,新北市淡水區,北投里,3078,0,2095,4612,0,915,4995,0,1180
111,65000100013,新北市淡水區,水源里,514,0,384,926,0,214,832,0,170
111,65000100014,新北市淡水區,忠寮里,272,0,161,531,0,118,478,0,43
111,65000100015,新北市淡水區,樹興里,350,0,436,556,0,228,534,0,208
111,65000100016,新北市淡水區,坪頂里,333,0,290,524,0,147,526,0,143
111,65000100017,新北市淡水區,福德里,1776,1,1786,2561,1,792,2693,0,994
111,65000100018,新北市淡水區,竹圍里,1582,0,1413,2251,0,559,2526,0,854
111,65000100019,新北市淡水區,民生里,1747,0,1884,2595,0,728,2893,0,1156
111,65000100020,新北市淡水區,八勢里,1685,1,2170,2335,4,855,2534,0,1315
111,65000100021,新北市淡水區,竿蓁里,2775,2,3244,3786,1,1318,4255,39,1926
111,65000100022,新北市淡水區,鄧公里,1671,0,1026,2477,0,446,2781,0,580
111,65000100023,新北市淡水區,中興里,970,0,774,1581,0,361,1626,0,413
111,65000100024,新北市淡水區,長庚里,354,0,290,557,0,145,596,0,145
111,65000100025,新北市淡水區,清文里,282,0,204,466,0,119,473,0,85
111,65000100026,新北市淡水區,草東里,168,0,158,304,0,85,269,0,73
111,65000100027,新北市淡水區,協元里,378,0,234,606,0,129,627,0,105
111,65000100028,新北市淡水區,永吉里,216,0,184,355,0,87,343,0,97
111,65000100029,新北市淡水區,民安里,169,0,121,259,0,70,308,0,51
111,65000100030,新北市淡水區,新生里,105,0,122,144,0,50,167,0,72
111,65000100031,新北市淡水區,文化里,436,0,372,673,0,144,742,0,228
111,65000100032,新北市淡水區,油車里,1439,0,972,2242,0,451,2323,0,521
111,65000100033,新北市淡水區,沙崙里,1212,0,988,1905,0,480,1983,0,508
111,65000100034,新北市淡水區,新義里,1115,0,488,1837,0,235,1968,0,253
111,65000100035,新北市淡水區,新春里,2670,0,1478,4119,0,686,4408,0,792
111,65000100036,新北市淡水區,新民里,1240,0,836,1976,0,358,2071,0,478
111,65000100037,新北市淡水區,正德里,1315,0,853,1926,0,329,2130,0,524
111,65000100038,新北市淡水區,北新里,745,0,740,1096,0,347,1200,0,393
111,65000100039,新北市淡水區,民權里,1162,0,1192,1730,0,479,1861,0,713
111,65000100040,新北市淡水區,幸福里,980,0,612,1563,0,302,1734,0,310
111,65000100041,新北市淡水區,學府里,1174,0,1115,1787,0,499,1921,0,616
111,65000100042,新北市淡水區,大庄里,2868,0,2942,4001,0,1239,4432,0,1703
111,65000110001,新北市汐止區,義民里,350,0,270,509,0,141,547,0,129
111,65000110002,新北市汐止區,禮門里,272,0,277,412,0,135,449,0,142
111,65000110003,新北市汐止區,智慧里,1213,0,1043,1797,0,450,1954,0,593
111,65000110004,新北市汐止區,信望里,90,0,71,145,0,37,126,0,34
111,65000110005,新北市汐止區,橋東里,999,0,687,1512,0,296,1662,0,391
111,65000110006,新北市汐止區,秀峰里,1292,0,1514,2044,0,965,2076,0,549
111,65000110007,新北市汐止區,新昌里,1465,0,975,2282,0,444,2402,0,531
111,65000110008,新北市汐止區,復興里,1900,0,1462,2752,0,628,3032,0,834
111,65000110009,新北市汐止區,茄苳里,1237,0,563,2101,0,293,2096,0,270
111,65000110010,新北市汐止區,長安里,412,0,315,656,0,161,696,0,154
111,65000110011,新北市汐止區,保安里,428,0,250,714,0,146,741,0,104
111,65000110012,新北市汐止區,保長里,1285,0,897,2021,0,421,2073,0,476
111,65000110013,新北市汐止區,鄉長里,581,0,338,995,0,177,983,0,161
111,65000110014,新北市汐止區,江北里,1578,0,1051,2640,0,553,2562,0,498
111,65000110015,新北市汐止區,拱北里,1360,0,854,2249,0,444,2183,0,410
111,65000110016,新北市汐止區,烘內里,387,0,390,630,0,213,559,0,177
111,65000110017,新北市汐止區,八連里,252,0,212,424,0,127,395,0,85
111,65000110018,新北市汐止區,樟樹里,547,0,407,949,0,219,839,0,188
111,65000110019,新北市汐止區,北峰里,1303,0,977,2085,0,485,2101,0,492
111,65000110020,新北市汐止區,北山里,1457,0,1285,2153,0,604,2355,0,681
111,65000110021,新北市汐止區,白雲里,1160,0,747,1904,0,351,1905,0,396
111,65000110022,新北市汐止區,橫科里,1167,0,993,1814,0,477,1874,0,516
111,65000110023,新北市汐止區,東山里,150,0,125,239,0,80,249,0,45
111,65000110024,新北市汐止區,福山里,941,0,824,1390,0,363,1479,0,461
111,65000110025,新北市汐止區,宜興里,725,0,735,1060,0,316,1123,0,419
111,65000110026,新北市汐止區,中興里,1958,0,1694,2988,0,816,3121,0,878
111,65000110027,新北市汐止區,湖光里,1611,0,1455,2298,0,687,2523,0,768
111,65000110028,新北市汐止區,仁德里,478,0,391,715,0,175,743,0,216
111,65000110029,新北市汐止區,厚德里,1988,0,1241,3185,0,616,3325,0,625
111,65000110030,新北市汐止區,忠孝里,2064,0,1816,3116,0,837,3333,0,979
111,65000110031,新北市汐止區,自強里,1653,0,1047,2509,0,484,2723,0,563
111,65000110032,新北市汐止區,文化里,1274,0,808,1971,0,357,2105,0,451
111,65000110033,新北市汐止區,金龍里,1399,0,1176,2091,0,521,2236,0,655
111,65000110034,新北市汐止區,福德里,863,0,758,1301,0,350,1429,0,408
111,65000110035,新北市汐止區,興福里,829,4,654,1225,4,311,1342,5,343
111,65000110036,新北市汐止區,康福里,1329,0,1472,1810,0,668,2018,0,804
111,65000110037,新北市汐止區,忠山里,864,0,713,1231,0,343,1364,0,370
111,65000110038,新北市汐止區,環河里,312,0,234,527,0,140,496,0,94
111,65000110039,新北市汐止區,東勢里,1236,0,1270,1790,0,615,1858,0,655
111,65000110040,新北市汐止區,山光里,836,0,666,1269,0,328,1344,0,338
111,65000110041,新北市汐止區,大同里,731,0,579,1105,0,249,1232,0,330
111,65000110042,新北市汐止區,崇德里,1364,0,781,2207,0,357,2272,0,424
111,65000110043,新北市汐止區,湖興里,1655,0,1396,2528,0,721,2575,0,675
111,65000110044,新北市汐止區,長青里,223,0,301,308,0,129,320,0,172
111,65000110045,新北市汐止區,福安里,1925,0,970,2995,0,466,3230,0,504
111,65000110046,新北市汐止區,秀山里,1272,0,742,2047,0,390,2127,0,352
111,65000110047,新北市汐止區,建成里,1455,0,974,2139,0,369,2305,0,605
111,65000110048,新北市汐止區,城中里,1294,0,748,1893,0,312,2115,0,436
111,65000110049,新北市汐止區,湖蓮里,739,0,796,1009,0,324,1073,0,472
111,65000110050,新北市汐止區,保新里,716,0,742,1071,0,356,1095,0,386
111,65000120001,新北市瑞芳區,龍潭里,198,0,159,322,0,71,307,0,88
111,65000120002,新北市瑞芳區,龍興里,506,0,467,790,0,240,836,0,227
111,65000120003,新北市瑞芳區,龍鎮里,324,0,245,500,0,129,556,0,116
111,65000120004,新北市瑞芳區,龍川里,449,0,290,710,0,156,788,0,134
111,65000120005,新北市瑞芳區,龍山里,363,0,236,617,0,136,561,0,100
111,65000120006,新北市瑞芳區,龍安里,166,0,109,285,0,49,266,0,60
111,65000120007,新北市瑞芳區,爪峯里,1041,0,550,1708,0,265,1768,0,285
111,65000120008,新北市瑞芳區,柑坪里,285,0,140,539,0,75,490,0,65
111,65000120009,新北市瑞芳區,東和里,448,0,262,770,0,134,785,0,128
111,65000120010,新北市瑞芳區,上天里,330,0,207,609,0,124,558,0,83
111,65000120011,新北市瑞芳區,吉慶里,475,0,239,807,0,135,777,0,104
111,65000120012,新北市瑞芳區,吉安里,828,0,446,1399,0,225,1373,0,221
111,65000120013,新北市瑞芳區,傑魚里,525,0,262,939,0,140,892,0,122
111,65000120014,新北市瑞芳區,猴硐里,111,0,83,197,0,56,171,0,27
111,65000120015,新北市瑞芳區,光復里,66,0,61,103,0,43,89,0,18
111,65000120016,新北市瑞芳區,弓橋里,68,0,69,130,0,44,109,0,25
111,65000120017,新北市瑞芳區,碩仁里,37,0,34,58,0,21,50,0,13
111,65000120018,新北市瑞芳區,基山里,102,0,108,165,0,55,149,0,53
111,65000120019,新北市瑞芳區,永慶里,104,0,116,169,0,58,152,0,58
111,65000120020,新北市瑞芳區,崇文里,72,0,85,122,0,33,96,0,52
111,65000120021,新北市瑞芳區,福住里,37,0,53,62,0,28,53,0,25
111,65000120022,新北市瑞芳區,頌德里,69,0,107,123,0,55,112,0,52
111,65000120023,新北市瑞芳區,新山里,81,0,94,145,0,53,126,0,41
111,65000120024,新北市瑞芳區,瓜山里,37,0,60,54,0,35,65,0,25
111,65000120025,新北市瑞芳區,銅山里,42,0,57,71,0,36,57,0,21
111,65000120026,新北市瑞芳區,石山里,73,0,103,114,0,60,99,0,43
111,65000120027,新北市瑞芳區,濓新里,68,0,58,113,0,26,121,0,32
111,65000120028,新北市瑞芳區,濓洞里,114,0,134,171,0,57,180,0,77
111,65000120029,新北市瑞芳區,海濱里,322,0,366,476,0,161,490,0,205
111,65000120030,新北市瑞芳區,瑞濱里,491,0,572,729,0,255,744,0,317
111,65000120031,新北市瑞芳區,深澳里,324,0,366,481,0,170,525,0,196
111,65000120032,新北市瑞芳區,南雅里,68,0,28,119,0,19,120,0,9
111,65000120033,新北市瑞芳區,鼻頭里,185,0,65,393,0,38,410,0,27
111,65000120034,新北市瑞芳區,新峰里,916,0,459,1580,0,229,1560,0,230
111,65000130001,新北市土城區,埤塘里,1114,0,1915,1865,0,1391,1791,0,524
111,65000130002,新北市土城區,土城里,535,0,350,863,0,160,927,0,190
111,65000130003,新北市土城區,員林里,2271,0,1511,3429,0,673,3693,0,838
111,65000130004,新北市土城區,員仁里,1501,0,645,2554,0,309,2641,0,336
111,65000130005,新北市土城區,長風里,569,0,253,858,0,119,943,0,134
111,65000130006,新北市土城區,日新里,1170,0,560,1983,0,284,2063,0,276
111,65000130007,新北市土城區,日和里,2094,0,1171,3297,0,544,3485,0,627
111,65000130008,新北市土城區,貨饒里,1258,0,834,1994,0,384,2068,0,450
111,65000130009,新北市土城區,柑林里,1054,0,574,1668,0,269,1804,0,305
111,65000130010,新北市土城區,埤林里,2247,0,917,3625,0,434,3911,0,483
111,65000130011,新北市土城區,瑞興里,795,0,433,1278,0,206,1333,0,227
111,65000130012,新北市土城區,清水里,2149,0,820,3562,0,388,3657,0,432
111,65000130013,新北市土城區,清和里,1696,0,708,2840,0,369,2922,0,339
111,65000130014,新北市土城區,永豐里,1192,1,467,1976,9,221,2066,0,246
111,65000130015,新北市土城區,清化里,392,0,245,708,0,122,631,0,123
111,65000130016,新北市土城區,清溪里,1788,0,904,2918,0,461,3111,0,443
111,65000130017,新北市土城區,峯廷里,1914,0,766,3389,0,344,3297,0,422
111,65000130018,新北市土城區,平和里,1859,0,628,3150,0,307,3338,0,321
111,65000130019,新北市土城區,廷寮里,1288,0,463,2227,0,240,2275,0,223
111,65000130020,新北市土城區,大安里,1260,0,746,2128,0,361,2175,0,385
111,65000130021,新北市土城區,永寧里,2251,0,1014,3816,0,502,3820,0,512
111,65000130022,新北市土城區,沛陂里,1252,0,759,2111,0,362,2081,0,397
111,65000130023,新北市土城區,頂埔里,1340,0,682,2127,0,342,2207,0,340
111,65000130024,新北市土城區,頂福里,1427,0,737,2385,0,376,2472,0,361
111,65000130025,新北市土城區,頂新里,834,0,454,1313,0,190,1375,0,264
111,65000130026,新北市土城區,祖田里,431,0,180,768,0,96,726,0,84
111,65000130027,新北市土城區,樂利里,1320,0,629,2095,0,284,2215,0,345
111,65000130028,新北市土城區,廣福里,1498,0,585,2534,0,257,2583,0,328
111,65000130029,新北市土城區,學府里,938,0,315,1566,0,158,1712,0,157
111,65000130030,新北市土城區,延壽里,1162,0,548,1966,0,251,1887,0,297
111,65000130031,新北市土城區,安和里,1307,0,543,2203,0,258,2222,0,285
111,65000130032,新北市土城區,青雲里,925,0,495,1481,0,229,1574,0,266
111,65000130033,新北市土城區,員福里,1441,0,649,2463,0,318,2398,0,331
111,65000130034,新北市土城區,延吉里,1096,0,498,1927,0,247,1932,0,251
111,65000130035,新北市土城區,復興里,1184,0,530,1971,0,248,1985,0,282
111,65000130036,新北市土城區,裕生里,1474,0,706,2381,0,330,2536,0,376
111,65000130037,新北市土城區,員信里,1125,0,518,1939,0,250,1963,0,268
111,65000130038,新北市土城區,永富里,1492,0,705,2478,0,339,2610,0,366
111,65000130039,新北市土城區,學成里,857,0,342,1466,0,142,1499,0,200
111,65000130040,新北市土城區,延和里,1821,0,871,2878,0,402,3126,0,469
111,65000130041,新北市土城區,中正里,876,0,401,1403,0,177,1518,0,224
111,65000130042,新北市土城區,學士里,1306,0,586,2123,0,269,2232,0,317
111,65000130043,新北市土城區,明德里,1716,0,953,2546,0,406,2890,0,547
111,65000130044,新北市土城區,廣興里,913,0,433,1506,0,179,1605,0,254
111,65000130045,新北市土城區,青山里,796,0,297,1393,0,156,1406,0,141
111,65000130046,新北市土城區,金城里,1638,0,748,2547,0,337,2848,0,411
111,65000130047,新北市土城區,延祿里,1100,0,468,1860,0,233,1862,0,235
111,65000140001,新北市蘆洲區,正義里,4199,0,1684,6702,0,781,7271,0,903
111,65000140002,新北市蘆洲區,中原里,1656,0,705,2789,0,330,2893,0,375
111,65000140003,新北市蘆洲區,中路里,1054,0,485,1838,0,234,1866,0,251
111,65000140004,新北市蘆洲區,光華里,1388,0,675,2261,0,303,2490,0,372
111,65000140005,新北市蘆洲區,保佑里,971,0,454,1677,0,205,1712,0,249
111,65000140006,新北市蘆洲區,水湳里,2856,0,1183,4805,0,576,4957,0,607
111,65000140007,新北市蘆洲區,樓厝里,1759,0,900,2829,0,418,3066,0,482
111,65000140008,新北市蘆洲區,鷺江里,1461,0,641,2451,0,300,2548,0,341
111,65000140009,新北市蘆洲區,恆德里,1603,0,983,2534,0,439,2701,0,544
111,65000140010,新北市蘆洲區,溪墘里,823,0,412,1346,0,198,1436,0,214
111,65000140011,新北市蘆洲區,樹德里,819,0,431,1380,0,218,1387,0,213
111,65000140012,新北市蘆洲區,保和里,694,0,368,1159,0,174,1193,0,194
111,65000140013,新北市蘆洲區,仁復里,553,0,322,910,0,156,945,0,166
111,65000140014,新北市蘆洲區,得勝里,863,0,483,1420,0,242,1490,0,241
111,65000140015,新北市蘆洲區,南港里,1606,0,500,2779,0,241,2930,0,259
111,65000140016,新北市蘆洲區,永樂里,1693,0,545,2970,0,280,3015,0,265
111,65000140017,新北市蘆洲區,永康里,1923,0,603,3134,0,288,3399,0,315
111,65000140018,新北市蘆洲區,信義里,1041,0,421,1835,0,213,1856,0,208
111,65000140019,新北市蘆洲區,玉清里,1569,0,837,2564,0,395,2733,0,442
111,65000140020,新北市蘆洲區,復興里,940,0,359,1594,0,182,1624,0,177
111,65000140021,新北市蘆洲區,水河里,2536,0,961,4270,0,486,4436,0,475
111,65000140022,新北市蘆洲區,仁愛里,1374,0,505,2404,0,238,2462,0,267
111,65000140023,新北市蘆洲區,忠義里,854,0,397,1457,0,187,1501,0,210
111,65000140024,新北市蘆洲區,九芎里,1441,0,539,2463,0,238,2552,0,301
111,65000140025,新北市蘆洲區,中華里,833,0,444,1402,0,207,1472,0,237
111,65000140026,新北市蘆洲區,得仁里,789,0,381,1310,0,196,1375,0,185
111,65000140027,新北市蘆洲區,仁德里,1450,0,572,2503,0,284,2582,0,288
111,65000140028,新北市蘆洲區,仁義里,1239,0,1611,1963,0,1024,1924,0,587
111,65000140029,新北市蘆洲區,光明里,1270,0,510,2140,0,226,2255,0,284
111,65000140030,新北市蘆洲區,保新里,1059,0,540,1742,0,256,1839,0,284
111,65000140031,新北市蘆洲區,長安里,1353,0,470,2349,0,248,2435,0,222
111,65000140032,新北市蘆洲區,民和里,674,0,367,1149,0,171,1147,0,196
111,65000140033,新北市蘆洲區,忠孝里,627,0,249,1094,0,131,1147,0,118
111,65000140034,新北市蘆洲區,福安里,834,0,365,1419,0,192,1485,0,173
111,65000140035,新北市蘆洲區,永安里,1381,0,532,2335,0,255,2539,0,277
111,65000140036,新北市蘆洲區,延平里,1105,0,489,1879,0,237,1914,0,252
111,65000140037,新北市蘆洲區,成功里,2024,0,611,3475,0,297,3738,0,314
111,65000140038,新北市蘆洲區,永德里,1189,0,418,2065,0,204,2148,0,214
111,65000150001,新北市五股區,興珍里,1139,0,554,2074,0,303,2026,0,251
111,65000150002,新北市五股區,更寮里,281,0,140,532,0,88,498,0,52
111,65000150003,新北市五股區,集福里,1022,0,551,1726,0,275,1726,0,276
111,65000150004,新北市五股區,觀音里,299,0,221,622,0,132,535,0,89
111,65000150005,新北市五股區,成州里,1634,0,788,2838,0,421,2811,0,367
111,65000150006,新北市五股區,成功里,2183,0,1702,3430,0,835,3578,0,867
111,65000150007,新北市五股區,五龍里,306,0,168,649,0,106,536,0,62
111,65000150008,新北市五股區,五股里,1050,0,920,1793,0,561,1742,0,359
111,65000150009,新北市五股區,五福里,927,0,409,1570,0,222,1540,0,187
111,65000150010,新北市五股區,德音里,1510,0,672,2490,0,326,2558,0,346
111,65000150011,新北市五股區,陸一里,656,0,441,1067,0,195,1090,0,246
111,65000150012,新北市五股區,貿商里,830,0,406,1279,0,185,1362,0,221
111,65000150013,新北市五股區,德泰里,1249,0,528,2000,0,240,2124,0,288
111,65000150014,新北市五股區,成德里,889,0,468,1520,0,243,1548,0,225
111,65000150015,新北市五股區,六福里,1083,0,453,1718,0,214,1819,0,239
111,65000150016,新北市五股區,集賢里,1153,0,456,1943,0,234,2000,0,222
111,65000150017,新北市五股區,民義里,927,0,486,1655,0,258,1649,0,228
111,65000150018,新北市五股區,成泰里,3112,0,2395,4878,0,1208,4960,0,1187
111,65000150019,新北市五股區,水碓里,2102,0,980,3580,0,497,3665,0,483
111,65000150020,新北市五股區,福德里,918,0,509,1508,0,277,1550,0,232
111,65000160001,新北市泰山區,大科里,213,0,112,439,0,66,378,0,46
111,65000160002,新北市泰山區,黎明里,935,0,403,1555,0,195,1641,0,208
111,65000160003,新北市泰山區,山腳里,1833,0,763,3127,0,392,3161,0,371
111,65000160004,新北市泰山區,福泰里,711,0,336,1266,0,183,1237,0,153
111,65000160005,新北市泰山區,楓樹里,1153,0,592,1975,0,287,1957,0,305
111,65000160006,新北市泰山區,同榮里,1084,0,447,1857,0,199,1888,0,248
111,65000160007,新北市泰山區,義學里,1282,0,551,2202,0,262,2240,0,289
111,65000160008,新北市泰山區,明志里,1026,0,449,1673,0,219,1737,0,230
111,65000160009,新北市泰山區,貴子里,1041,0,607,1732,0,317,1772,0,290
111,65000160010,新北市泰山區,貴和里,1362,0,670,2205,0,330,2337,0,340
111,65000160011,新北市泰山區,同興里,1051,0,388,1740,0,189,1857,0,199
111,65000160012,新北市泰山區,義仁里,2312,0,1093,3843,0,554,3901,0,539
111,65000160013,新北市泰山區,泰友里,546,0,211,882,0,104,957,0,107
111,65000160014,新北市泰山區,新明里,855,0,344,1460,0,171,1508,0,173
111,65000160015,新北市泰山區,貴賢里,986,0,516,1576,0,257,1675,0,259
111,65000160016,新北市泰山區,福興里,965,0,512,1586,0,233,1632,0,279
111,65000160017,新北市泰山區,全興里,2615,0,1314,4181,0,673,4497,0,641
111,65000170001,新北市林口區,東林里,1003,1,462,1790,0,240,1717,38,222
111,65000170002,新北市林口區,林口里,1418,0,814,2369,0,392,2478,0,422
111,65000170003,新北市林口區,西林里,3146,0,1701,5174,0,886,5357,0,815
111,65000170004,新北市林口區,菁湖里,1101,0,522,1909,0,257,1908,0,265
111,65000170005,新北市林口區,中湖里,1389,0,850,2289,0,415,2378,0,435
111,65000170006,新北市林口區,湖北里,378,0,121,744,0,88,687,0,33
111,65000170007,新北市林口區,湖南里,7820,0,4536,11755,0,2085,12617,0,2451
111,65000170008,新北市林口區,南勢里,7912,0,5733,11557,0,2618,12578,0,3115
111,65000170009,新北市林口區,東勢里,2169,0,786,3551,0,384,3778,0,402
111,65000170010,新北市林口區,頂福里,256,0,156,539,0,99,441,0,57
111,65000170011,新北市林口區,下福里,339,0,155,659,0,90,619,0,65
111,65000170012,新北市林口區,嘉寶里,242,0,129,468,0,76,423,0,53
111,65000170013,新北市林口區,瑞平里,221,0,111,423,0,72,352,0,39
111,65000170014,新北市林口區,太平里,433,1,247,742,1,123,776,0,124
111,65000170015,新北市林口區,仁愛里,2032,0,973,3162,0,448,3397,0,525
111,65000170016,新北市林口區,麗林里,2641,0,1239,4028,0,569,4463,0,670
111,65000170017,新北市林口區,麗園里,1115,0,421,1829,0,209,1935,0,212
111,65000180001,新北市深坑區,深坑里,870,1,633,1378,35,314,1448,26,319
111,65000180002,新北市深坑區,萬順里,626,0,492,1020,0,235,1036,0,257
111,65000180003,新北市深坑區,土庫里,791,0,421,1353,0,215,1343,0,206
111,65000180004,新北市深坑區,昇高里,518,0,270,966,0,146,896,0,124
111,65000180005,新北市深坑區,阿柔里,127,0,92,299,0,55,228,0,37
111,65000180006,新北市深坑區,埔新里,1676,0,1020,2692,0,446,2765,0,574
111,65000180007,新北市深坑區,萬福里,669,1,583,1055,1,308,1080,0,275
111,65000180008,新北市深坑區,賴仲里,600,0,499,960,0,252,937,0,247
111,65000190001,新北市石碇區,石碇里,104,0,69,176,0,39,163,0,30
111,65000190002,新北市石碇區,潭邊里,198,0,212,310,0,127,306,0,85
111,65000190003,新北市石碇區,隆盛里,173,0,122,307,0,90,276,0,32
111,65000190004,新北市石碇區,烏塗里,129,0,188,232,0,120,190,0,68
111,65000190005,新北市石碇區,彭山里,72,0,83,118,0,54,109,0,29
111,65000190006,新北市石碇區,豐田里,92,0,114,153,0,82,136,0,32
111,65000190007,新北市石碇區,永定里,149,0,116,281,0,69,247,0,47
111,65000190008,新北市石碇區,中民里,184,0,152,343,0,107,266,0,45
111,65000190009,新北市石碇區,光明里,60,0,83,106,0,54,86,0,29
111,65000190010,新北市石碇區,豐林里,77,0,39,144,0,25,133,0,14
111,65000190011,新北市石碇區,永安里,252,0,144,394,0,77,394,0,67
111,65000190012,新北市石碇區,格頭里,276,0,256,413,0,153,431,0,103
111,65000200001,新北市坪林區,粗窟里,213,0,158,414,0,95,357,0,63
111,65000200002,新北市坪林區,坪林里,333,0,163,685,0,97,633,0,66
111,65000200003,新北市坪林區,大林里,281,1,196,512,30,129,486,0,67
111,65000200004,新北市坪林區,石𥕢里,104,0,92,173,0,57,173,0,35
111,65000200005,新北市坪林區,上德里,196,0,146,408,0,94,330,0,52
111,65000200006,新北市坪林區,水德里,179,0,111,319,0,65,296,0,46
111,65000200007,新北市坪林區,漁光里,217,0,184,355,0,108,332,0,76
111,65000210001,新北市三芝區,八賢里,77,0,58,141,0,40,126,0,18
111,65000210002,新北市三芝區,埔頭里,1365,0,881,2263,0,418,2341,0,463
111,65000210003,新北市三芝區,古庄里,259,0,371,458,0,193,393,0,178
111,65000210004,新北市三芝區,新庄里,180,0,177,339,0,101,325,0,76
111,65000210005,新北市三芝區,埔坪里,1755,0,1222,2996,0,582,2880,0,640
111,65000210006,新北市三芝區,茂長里,155,0,134,258,0,64,236,0,70
111,65000210007,新北市三芝區,橫山里,127,0,91,240,0,60,181,0,31
111,65000210008,新北市三芝區,錫板里,163,0,135,309,0,98,251,0,37
111,65000210009,新北市三芝區,後厝里,474,0,691,738,0,336,714,0,355
111,65000210010,新北市三芝區,福德里,182,0,188,336,0,99,306,0,89
111,65000210011,新北市三芝區,圓山里,125,0,86,269,0,61,224,0,25
111,65000210012,新北市三芝區,店子里,133,0,107,259,0,67,220,0,40
111,65000210013,新北市三芝區,興華里,301,0,251,556,0,146,477,0,105
111,65000220001,新北市石門區,德茂里,287,0,161,568,0,72,489,0,89
111,65000220002,新北市石門區,富基里,354,0,187,608,0,97,645,0,90
111,65000220003,新北市石門區,老梅里,560,0,267,1010,0,139,948,0,128
111,65000220004,新北市石門區,山溪里,217,0,145,410,0,100,367,0,45
111,65000220005,新北市石門區,石門里,399,1,279,707,1,146,675,2,133
111,65000220006,新北市石門區,尖鹿里,394,0,240,716,0,128,635,0,112
111,65000220007,新北市石門區,乾華里,78,0,66,125,0,44,101,0,22
111,65000220008,新北市石門區,茂林里,134,1,73,261,11,46,245,1,27
111,65000220009,新北市石門區,草里里,253,0,129,446,0,78,443,0,51
111,65000230001,新北市八里區,龍源里,1883,0,1496,2951,0,653,3021,0,843
111,65000230002,新北市八里區,米倉里,924,0,731,1578,0,369,1527,0,362
111,65000230003,新北市八里區,大崁里,887,1,575,1552,20,315,1512,38,260
111,65000230004,新北市八里區,埤頭里,1215,0,808,1978,0,411,2015,0,397
111,65000230005,新北市八里區,頂罟里,644,0,463,1046,0,286,1139,0,177
111,65000230006,新北市八里區,舊城里,1955,1,1139,3120,7,550,3255,3,589
111,65000230007,新北市八里區,訊塘里,1385,0,968,2224,0,469,2328,0,499
111,65000230008,新北市八里區,荖阡里,437,0,205,875,0,105,808,0,100
111,65000230009,新北市八里區,長坑里,388,1,111,866,3,69,790,3,42
111,65000230010,新北市八里區,下罟里,409,0,153,815,0,73,779,0,80
111,65000240001,新北市平溪區,薯榔里,87,0,114,139,0,73,122,0,41
111,65000240002,新北市平溪區,菁桐里,56,0,70,96,0,48,89,0,22
111,65000240003,新北市平溪區,白石里,62,0,50,98,0,36,96,0,14
111,65000240004,新北市平溪區,石底里,99,0,109,161,0,64,163,0,45
111,65000240005,新北市平溪區,平溪里,61,0,60,100,0,41,94,0,19
111,65000240006,新北市平溪區,嶺腳里,151,0,145,260,0,78,209,0,67
111,65000240007,新北市平溪區,東勢里,100,0,142,155,0,96,132,0,46
111,65000240008,新北市平溪區,望古里,33,0,66,45,0,40,41,0,26
111,65000240009,新北市平溪區,南山里,75,0,111,127,0,74,94,0,37
111,65000240010,新北市平溪區,平湖里,40,0,46,58,0,26,58,0,20
111,65000240011,新北市平溪區,十分里,213,0,215,335,0,130,304,0,85
111,65000240012,新北市平溪區,新寮里,38,0,53,64,0,36,47,0,17
111,65000250001,新北市雙溪區,雙溪里,118,0,96,178,0,47,184,0,49
111,65000250002,新北市雙溪區,共和里,88,0,90,141,0,45,125,0,45
111,65000250003,新北市雙溪區,新基里,191,0,156,321,0,97,305,0,59
111,65000250004,新北市雙溪區,魚行里,165,0,173,280,0,110,230,0,63
111,65000250005,新北市雙溪區,三港里,90,0,78,150,0,56,119,0,22
111,65000250006,新北市雙溪區,牡丹里,376,0,301,639,0,172,559,0,129
111,65000250007,新北市雙溪區,三貂里,82,0,72,185,0,42,140,0,30
111,65000250008,新北市雙溪區,平林里,218,0,210,376,0,126,331,0,84
111,65000250009,新北市雙溪區,上林里,142,0,147,257,0,99,215,0,48
111,65000250010,新北市雙溪區,外柑里,91,0,125,158,0,82,129,0,43
111,65000250011,新北市雙溪區,長源里,84,0,100,156,0,63,110,0,37
111,65000250012,新北市雙溪區,泰平里,277,0,145,549,0,90,572,0,55
111,65000260001,新北市貢寮區,貢寮里,199,0,154,336,0,75,347,0,79
111,65000260002,新北市貢寮區,吉林里,100,0,151,192,0,110,148,0,41
111,65000260003,新北市貢寮區,雙玉里,169,0,110,293,0,80,237,0,30
111,65000260004,新北市貢寮區,龍崗里,89,0,90,176,0,60,148,0,30
111,65000260005,新北市貢寮區,龍門里,155,0,92,269,0,50,304,0,42
111,65000260006,新北市貢寮區,福隆里,391,0,245,697,0,127,734,0,118
111,65000260007,新北市貢寮區,仁里里,452,0,218,801,0,102,804,0,116
111,65000260008,新北市貢寮區,真理里,481,0,239,906,0,124,960,0,115
111,65000260009,新北市貢寮區,福連里,191,0,113,351,0,56,426,0,57
111,65000260010,新北市貢寮區,美豐里,170,0,125,337,0,93,269,0,32
111,65000260011,新北市貢寮區,和美里,230,0,118,444,0,62,426,0,56
111,65000270001,新北市金山區,和平里,117,0,72,199,0,38,201,0,34
111,65000270002,新北市金山區,大同里,170,0,108,288,0,55,329,0,53
111,65000270003,新北市金山區,豐漁里,117,0,54,258,0,30,246,0,24
111,65000270004,新北市金山區,磺港里,409,0,143,859,0,82,857,0,61
111,65000270005,新北市金山區,美田里,1057,0,438,1906,0,204,2102,0,234
111,65000270006,新北市金山區,五湖里,445,0,180,831,0,112,821,0,68
111,65000270007,新北市金山區,重和里,272,0,290,466,0,148,458,0,142
111,65000270008,新北市金山區,兩湖里,92,0,44,193,0,31,169,0,13
111,65000270009,新北市金山區,六股里,172,0,73,337,0,51,309,0,22
111,65000270010,新北市金山區,三界里,130,0,75,265,0,45,319,0,30
111,65000270011,新北市金山區,清泉里,204,0,85,412,0,55,379,0,30
111,65000270012,新北市金山區,萬壽里,111,0,69,204,0,31,211,0,38
111,65000270013,新北市金山區,西湖里,32,0,25,86,0,18,63,0,7
111,65000270014,新北市金山區,永興里,134,0,92,238,0,70,257,0,22
111,65000270015,新北市金山區,金美里,1393,0,654,2335,0,308,2577,0,346
111,65000280001,新北市萬里區,萬里里,1094,0,399,2190,0,212,2268,0,187
111,65000280002,新北市萬里區,龜吼里,552,1,462,1020,174,227,1105,41,235
111,65000280003,新北市萬里區,野柳里,810,0,291,1513,0,141,1688,0,150
111,65000280004,新北市萬里區,大鵬里,674,0,334,1308,0,174,1317,0,160
111,65000280005,新北市萬里區,磺潭里,139,0,99,290,0,59,268,0,40
111,65000280006,新北市萬里區,雙興里,238,0,164,455,0,105,425,0,59
111,65000280007,新北市萬里區,溪底里,163,0,114,295,0,76,257,0,38
111,65000280008,新北市萬里區,崁脚里,96,0,75,174,0,41,180,0,34
111,65000280009,新北市萬里區,中幅里,270,0,101,546,0,58,579,0,43
111,65000280010,新北市萬里區,北基里,735,0,706,1089,0,361,1174,0,345
111,65000290001,新北市烏來區,烏來里,608,0,287,1215,0,151,1321,0,136
111,65000290002,新北市烏來區,忠治里,396,0,159,828,0,86,889,0,73
111,65000290003,新北市烏來區,福山里,161,0,53,377,0,26,381,0,27
111,65000290004,新北市烏來區,信賢里,120,0,73,246,0,37,272,0,36
111,65000290005,新北市烏來區,孝義里,35,0,9,134,0,6,115,0,3
